date,granularidad,geocode,gcd_isla,gcd_gcomarca,gcd_comarca,poblacion,poblacion_edad_media,poblacion_hombres,poblacion_mujeres,poblacion_indice_feminidad,poblacion_nacional,poblacion_extranjera,poblacion_extranjera_pc,poblacion_00a14,poblacion_15a64,poblacion_65mas,poblacion_65a74,poblacion_75a84,poblacion_85mas,poblacion_00a14_pc,poblacion_15a64_pc,poblacion_65mas_pc,poblacion_indice_dependencia,poblacion_indice_dependencia_mayores,poblacion_indice_dependencia_menores,poblacion_indice_vejez,poblacion_indice_juventud,poblacion_indice_sobreenvejecimiento,poblacion_indice_ancianidad,superficie,poblacion_ds,poblacion_extranjera_ds,poblacion_00a02,poblacion_03a05,poblacion_06a11,poblacion_12a15,poblacion_16a17,poblacion_00a17,poblacion_nacida_canarias,poblacion_nacida_es_xcanarias,poblacion_nacida_extranjero,poblacion_nacida_canarias_pc,poblacion_nacida_es_xcanarias_pc,poblacion_nacida_extranjero_pc
2000-01-01,MUNICIPIO,35001,ES705,ES705A2,ES705A22,5665,39.3,2882,2783,96.56,5329,336,5.93,855,3913,897,559,242,96,15.09,69.07,15.83,44.77,22.92,21.85,104.91,95.32,10.7,26.98,4451.16,127.27,7.55,120,153,390,248,122,1033,5070,233,362,89.5,4.11,6.39
2000-01-01,MUNICIPIO,35002,ES705,ES705A3,ES705A32,20692,33.1,10559,10133,95.97,20033,659,3.18,4125,14946,1621,1050,441,130,19.94,72.23,7.83,38.45,10.85,27.6,39.3,254.47,8.02,27.21,7889.72,262.27,8.35,763,817,1706,1150,604,5040,18689,1139,864,90.32,5.5,4.18
2000-01-01,MUNICIPIO,35003,ES704,ES704A0,ES704A01,4821,32.6,2669,2152,80.63,4433,388,8.05,824,3682,315,198,87,30,17.09,76.37,6.53,30.93,8.56,22.38,38.23,261.59,9.52,27.62,25024.8,19.26,1.55,164,190,333,186,137,1010,2962,1339,520,61.44,27.77,10.79
2000-01-01,MUNICIPIO,35004,ES708,ES708A0,ES708A01,43711,33.2,22211,21500,96.8,42129,1582,3.62,8075,32383,3253,1933,1004,316,18.47,74.08,7.44,34.98,10.05,24.94,40.28,248.23,9.71,30.86,2427.54,1800.63,65.17,1431,1489,3381,2406,1367,10074,32869,8610,2232,75.2,19.7,5.11
2000-01-01,MUNICIPIO,35005,ES705,ES705A2,ES705A23,1572,39,803,769,95.77,1563,9,0.57,193,1139,240,161,62,17,12.28,72.46,15.27,38.02,21.07,16.94,124.35,80.42,7.08,25.83,6641.9,23.67,0.14,21,40,82,72,47,262,1510,34,28,96.06,2.16,1.78
2000-01-01,MUNICIPIO,35006,ES705,ES705A1,ES705A10,31973,36.3,16016,15957,99.63,31724,249,0.78,5567,22566,3840,2485,1004,351,17.41,70.58,12.01,41.69,17.02,24.67,68.98,144.97,9.14,26.15,3283.87,973.64,7.58,1051,1055,2298,1584,826,6814,30447,935,591,95.23,2.92,1.85
2000-01-01,MUNICIPIO,35007,ES704,ES704A0,ES704A01,677,40.2,348,329,94.54,630,47,6.94,110,435,132,59,47,26,16.25,64.25,19.5,55.63,30.34,25.29,120,83.33,19.7,35.61,10370.9,6.53,0.45,12,23,57,27,27,146,609,18,50,89.96,2.66,7.39
2000-01-01,MUNICIPIO,35008,ES705,ES705A2,ES705A21,6814,37.1,3453,3361,97.34,6758,56,0.82,1143,4793,878,563,217,98,16.77,70.34,12.89,42.17,18.32,23.85,76.82,130.18,11.16,24.72,1602.78,425.14,3.49,204,221,478,318,170,1391,6545,157,112,96.05,2.3,1.64
2000-01-01,MUNICIPIO,35009,ES705,ES705A2,ES705A22,22291,36.8,11176,11115,99.45,22164,127,0.57,3744,15633,2914,1894,775,245,16.8,70.13,13.07,42.59,18.64,23.95,77.83,128.48,8.41,26.6,6254.51,356.4,2.03,524,694,1712,1125,603,4658,21716,362,213,97.42,1.62,0.96
2000-01-01,MUNICIPIO,35010,ES708,ES708A0,ES708A02,4201,39.2,2161,2040,94.4,3775,426,10.14,661,2902,638,375,188,75,15.73,69.08,15.19,44.76,21.98,22.78,96.52,103.61,11.76,29.47,14565.3,28.84,2.92,141,128,264,163,77,773,3323,416,462,79.1,9.9,11
2000-01-01,MUNICIPIO,35011,ES705,ES705A3,ES705A32,24616,34,12461,12155,97.54,24272,344,1.4,4598,17798,2220,1440,581,199,18.68,72.3,9.02,38.31,12.47,25.83,48.28,207.12,8.96,26.17,3908.81,629.76,8.8,725,811,2014,1425,766,5741,23399,699,518,95.06,2.84,2.1
2000-01-01,MUNICIPIO,35012,ES705,ES705A3,ES705A31,13136,34.4,6869,6267,91.24,11114,2022,15.39,2431,9654,1051,702,247,102,18.51,73.49,8,36.07,10.89,25.18,43.23,231.3,9.71,23.5,17142,76.63,11.8,359,477,1061,672,343,2912,9229,1672,2235,70.26,12.73,17.01
2000-01-01,MUNICIPIO,35013,ES705,ES705A2,ES705A22,8664,39.1,4391,4273,97.31,8623,41,0.47,1305,5993,1366,834,391,141,15.06,69.17,15.77,44.57,22.79,21.78,104.67,95.53,10.32,28.62,3220.46,269.03,1.27,140,310,545,399,222,1616,8407,143,114,97.03,1.65,1.32
2000-01-01,MUNICIPIO,35014,ES704,ES704A0,ES704A02,10578,32.7,5713,4865,85.16,9296,1282,12.12,1898,8040,640,409,168,63,17.94,76.01,6.05,31.57,7.96,23.61,33.72,296.56,9.84,26.25,35533.4,29.77,3.61,282,401,847,492,277,2299,5855,3121,1602,55.35,29.5,15.14
2000-01-01,MUNICIPIO,35015,ES704,ES704A0,ES704A03,12923,31.1,7384,5539,75.01,11350,1573,12.17,1996,10515,412,267,101,44,15.45,81.37,3.19,22.9,3.92,18.98,20.64,484.47,10.68,24.51,38493.8,33.57,4.09,415,390,823,486,259,2373,5560,5477,1886,43.02,42.38,14.59
2000-01-01,MUNICIPIO,35016,ES705,ES705A1,ES705A10,358518,37.2,175262,183256,104.56,347993,10525,2.94,56555,257552,44411,27365,13067,3979,15.77,71.84,12.39,39.2,17.24,21.96,78.53,127.34,8.96,29.42,10331.6,3470.11,101.87,9768,10261,23143,18116,10040,71328,304278,36655,17585,84.87,10.22,4.9
2000-01-01,MUNICIPIO,35017,ES704,ES704A0,ES704A02,21274,32,11164,10110,90.56,20811,463,2.18,4266,15572,1436,867,445,124,20.05,73.2,6.75,36.62,9.22,27.4,33.66,297.08,8.64,30.99,29077.1,73.16,1.59,765,783,1794,1237,669,5248,15353,5022,899,72.17,23.61,4.23
2000-01-01,MUNICIPIO,35018,ES708,ES708A0,ES708A01,13129,32.4,6828,6301,92.28,12345,784,5.97,2475,9929,725,426,216,83,18.85,75.63,5.52,32.23,7.3,24.93,29.29,341.38,11.45,29.79,4076.11,322.1,19.23,390,517,1056,694,324,2981,8187,3833,1109,62.36,29.19,8.45
2000-01-01,MUNICIPIO,35019,ES705,ES705A3,ES705A31,39939,34.6,20667,19272,93.25,33091,6848,17.15,6906,30203,2830,1832,759,239,17.29,75.62,7.09,32.24,9.37,22.87,40.98,244.03,8.45,26.82,33241.9,120.15,20.6,820,1301,3140,2210,1225,8696,27151,5173,7615,67.98,12.95,19.07
2000-01-01,MUNICIPIO,35020,ES705,ES705A2,ES705A23,8070,37.3,4083,3987,97.65,8014,56,0.69,1343,5570,1157,755,282,120,16.64,69.02,14.34,44.88,20.77,24.11,86.15,116.08,10.37,24.37,12370.8,65.23,0.45,174,267,612,392,209,1654,7840,147,83,97.15,1.82,1.03
2000-01-01,MUNICIPIO,35021,ES705,ES705A1,ES705A10,18153,35.9,9068,9085,100.19,17523,630,3.47,3109,13165,1879,1177,493,209,17.13,72.52,10.35,37.89,14.27,23.62,60.44,165.46,11.12,26.24,2383.19,761.71,26.44,530,589,1313,935,523,3890,15997,1231,925,88.12,6.78,5.1
2000-01-01,MUNICIPIO,35022,ES705,ES705A3,ES705A32,44974,31.9,22869,22105,96.66,42743,2231,4.96,9527,32352,3095,2026,807,262,21.18,71.93,6.88,39.01,9.57,29.45,32.49,307.82,8.47,26.07,6252.83,719.26,35.68,1751,1852,3994,2546,1307,11450,39582,2788,2604,88.01,6.2,5.79
2000-01-01,MUNICIPIO,35023,ES705,ES705A2,ES705A22,14032,37.8,7000,7032,100.46,13969,63,0.45,2268,9705,2059,1249,584,226,16.16,69.16,14.67,44.59,21.22,23.37,90.78,110.15,10.98,28.36,4261.82,329.25,1.48,322,430,1032,674,378,2836,13554,325,153,96.59,2.32,1.09
2000-01-01,MUNICIPIO,35024,ES708,ES708A0,ES708A02,12184,34.6,6265,5919,94.48,11000,1184,9.72,2209,8907,1068,641,303,124,18.13,73.1,8.77,36.79,11.99,24.8,48.35,206.84,11.61,28.37,22400.6,54.39,5.29,380,458,922,596,304,2660,8891,1939,1354,72.97,15.91,11.11
2000-01-01,MUNICIPIO,35025,ES705,ES705A2,ES705A23,2565,42.5,1307,1258,96.25,2563,2,0.08,270,1837,458,234,145,79,10.53,71.62,17.86,39.63,24.93,14.7,169.63,58.95,17.25,31.66,10386.3,24.7,0.02,19,54,131,97,60,361,2486,64,15,96.92,2.5,0.58
2000-01-01,MUNICIPIO,35026,ES705,ES705A1,ES705A10,88110,33.9,44268,43842,99.04,86929,1181,1.34,16436,64047,7627,4889,2083,655,18.65,72.69,8.66,37.57,11.91,25.66,46.4,215.5,8.59,27.31,10033.1,878.19,11.77,2771,2886,7011,5085,2983,20736,81686,4449,1975,92.71,5.05,2.24
2000-01-01,MUNICIPIO,35027,ES705,ES705A2,ES705A21,11898,37.9,5997,5901,98.4,11805,93,0.78,1871,8352,1675,1083,420,172,15.73,70.2,14.08,42.46,20.06,22.4,89.52,111.7,10.27,25.07,2580.73,461.03,3.6,324,393,795,485,287,2284,11398,233,267,95.8,1.96,2.24
2000-01-01,MUNICIPIO,35028,ES708,ES708A0,ES708A01,13537,33.8,7023,6514,92.75,10523,3014,22.26,2450,10245,842,524,231,87,18.1,75.68,6.22,32.13,8.22,23.91,34.37,290.97,10.33,27.43,6432.05,210.46,46.86,510,527,925,626,279,2867,6876,3418,3243,50.79,25.25,23.96
2000-01-01,MUNICIPIO,35029,ES708,ES708A0,ES708A03,4373,34.6,2279,2094,91.88,4053,320,7.32,791,3162,420,253,120,47,18.09,72.31,9.6,38.3,13.28,25.02,53.1,188.33,11.19,28.57,13577.9,32.21,2.36,155,168,308,213,108,952,3644,360,369,83.33,8.23,8.44
2000-01-01,MUNICIPIO,35030,ES704,ES704A0,ES704A03,9851,32.3,5247,4604,87.75,9480,371,3.77,1965,7137,749,472,205,72,19.95,72.45,7.6,38.03,10.49,27.53,38.12,262.35,9.61,27.37,27629.8,35.65,1.34,400,390,823,497,313,2423,7312,2062,477,74.23,20.93,4.84
2000-01-01,MUNICIPIO,35031,ES705,ES705A2,ES705A21,8049,34.8,4143,3906,94.28,7946,103,1.28,1520,5714,815,511,227,77,18.88,70.99,10.13,40.86,14.26,26.6,53.62,186.5,9.45,27.85,3880.13,207.44,2.65,259,283,647,451,201,1841,7648,235,166,95.02,2.92,2.06
2000-01-01,MUNICIPIO,35032,ES705,ES705A2,ES705A21,4006,40.4,2058,1948,94.66,3991,15,0.37,546,2795,665,413,183,69,13.63,69.77,16.6,43.33,23.79,19.53,121.79,82.11,10.38,27.52,2212.89,181.03,0.68,86,86,243,172,103,690,3868,68,70,96.56,1.7,1.75
2000-01-01,MUNICIPIO,35033,ES705,ES705A2,ES705A21,7424,37.3,3847,3577,92.98,7403,21,0.28,1343,5076,1005,578,314,113,18.09,68.37,13.54,46.26,19.8,26.46,74.83,133.63,11.24,31.24,3821.39,194.27,0.55,151,381,579,315,154,1580,7212,139,73,97.14,1.87,0.98
2000-01-01,MUNICIPIO,35034,ES708,ES708A0,ES708A03,5175,33.9,2896,2279,78.69,4612,563,10.88,706,4136,333,218,82,33,13.64,79.92,6.43,25.12,8.05,17.07,47.17,212.01,9.91,24.62,21209.4,24.4,2.65,98,145,311,206,116,876,2601,1917,657,50.26,37.04,12.7
2000-01-01,MUNICIPIO,38001,ES709,ES709A3,ES709A32,14007,35.5,7023,6984,99.44,11608,2399,17.13,2167,10669,1171,725,323,123,15.47,76.17,8.36,31.29,10.98,20.31,54.04,185.06,10.5,27.58,10595.2,132.2,22.64,71,433,1142,696,397,2739,8750,2221,3036,62.47,15.86,21.67
2000-01-01,MUNICIPIO,38002,ES706,ES706A0,ES706A01,1143,44.8,563,580,103.02,1107,36,3.15,144,707,292,168,92,32,12.6,61.85,25.55,61.67,41.3,20.37,202.78,49.32,10.96,31.51,2500.41,45.71,1.44,20,25,65,43,20,173,1058,18,67,92.56,1.57,5.86
2000-01-01,MUNICIPIO,38003,ES706,ES706A0,ES706A02,1343,39.7,716,627,87.57,1272,71,5.29,177,940,226,121,74,31,13.18,69.99,16.83,42.87,24.04,18.83,127.68,78.32,13.72,32.74,4960.68,27.07,1.43,33,40,64,50,31,218,1173,70,100,87.34,5.21,7.45
2000-01-01,MUNICIPIO,38004,ES709,ES709A3,ES709A33,4802,41,2325,2477,106.54,4752,50,1.04,610,3334,858,499,259,100,12.7,69.43,17.87,44.03,25.73,18.3,140.66,71.1,11.66,30.19,3436.18,139.75,1.46,45,111,304,214,128,802,4429,153,220,92.23,3.19,4.58
2000-01-01,MUNICIPIO,38005,ES709,ES709A3,ES709A31,5644,39.5,2898,2746,94.76,5200,444,7.87,883,3838,923,535,290,98,15.64,68,16.35,47.06,24.05,23.01,104.53,95.67,10.62,31.42,17893.4,31.54,2.48,155,191,351,246,136,1079,4953,152,539,87.76,2.69,9.55
2000-01-01,MUNICIPIO,38006,ES709,ES709A3,ES709A32,38416,33.9,19419,18997,97.83,32459,5957,15.51,6423,29433,2560,1659,673,228,16.72,76.62,6.66,30.52,8.7,21.82,39.86,250.9,8.91,26.29,8159.85,470.79,73,572,1245,3112,2006,1052,7987,22771,8335,7310,59.27,21.7,19.03
2000-01-01,MUNICIPIO,38007,ES707,ES707A0,ES707A02,2398,44.4,1198,1200,100.17,2330,68,2.84,252,1582,564,291,199,74,10.51,65.97,23.52,51.58,35.65,15.93,223.81,44.68,13.12,35.28,4349.52,55.13,1.56,21,29,120,105,57,332,2166,22,210,90.33,0.92,8.76
2000-01-01,MUNICIPIO,38008,ES707,ES707A0,ES707A01,5898,38.7,2908,2990,102.82,5451,447,7.58,883,4134,881,527,249,105,14.97,70.09,14.94,42.67,21.31,21.36,99.77,100.23,11.92,28.26,3089.34,190.91,14.47,102,165,403,284,164,1118,4971,247,680,84.28,4.19,11.53
2000-01-01,MUNICIPIO,38009,ES707,ES707A0,ES707A01,4051,38.8,2043,2008,98.29,3813,238,5.88,591,2882,578,293,156,129,14.59,71.14,14.27,40.56,20.06,20.51,97.8,102.25,22.32,26.99,1415.88,286.11,16.81,66,145,243,184,125,763,3170,410,471,78.25,10.12,11.63
2000-01-01,MUNICIPIO,38010,ES709,ES709A2,ES709A22,5140,40.8,2617,2523,96.41,4974,166,3.23,614,3664,862,498,267,97,11.95,71.28,16.77,40.28,23.53,16.76,140.39,71.23,11.25,30.97,6636.41,77.45,2.5,12,92,328,247,121,800,4622,73,445,89.92,1.42,8.66
2000-01-01,MUNICIPIO,38011,ES709,ES709A3,ES709A33,13294,37.5,6608,6686,101.18,12879,415,3.12,2102,9562,1630,1054,429,147,15.81,71.93,12.26,39.03,17.05,21.98,77.55,128.96,9.02,26.32,4948.05,268.67,8.39,198,431,973,665,360,2627,10832,1605,857,81.48,12.07,6.45
2000-01-01,MUNICIPIO,38012,ES709,ES709A3,ES709A31,2554,44.6,1304,1250,95.86,2539,15,0.59,255,1675,624,347,217,60,9.98,65.58,24.43,52.48,37.25,15.22,244.71,40.87,9.62,34.78,4524.91,56.44,0.33,45,49,107,80,60,341,2409,63,82,94.32,2.47,3.21
2000-01-01,MUNICIPIO,38013,ES703,ES703A0,ES703A00,4892,42.3,2476,2416,97.58,4354,538,11,661,3250,981,518,334,129,13.51,66.43,20.05,50.52,30.18,20.34,148.41,67.38,13.15,34.05,16428.9,29.78,3.27,84,131,297,200,125,837,3670,230,992,75.02,4.7,20.28
2000-01-01,MUNICIPIO,38014,ES707,ES707A0,ES707A04,1800,41.8,918,882,96.08,1756,44,2.44,249,1160,391,195,152,44,13.83,64.44,21.72,55.17,33.71,21.47,157.03,63.68,11.25,38.87,5590.02,32.2,0.79,48,54,100,67,39,308,1653,40,107,91.83,2.22,5.94
2000-01-01,MUNICIPIO,38015,ES709,ES709A2,ES709A22,5492,40.9,2709,2783,102.73,5246,246,4.48,657,3903,932,551,259,122,11.96,71.07,16.97,40.71,23.88,16.83,141.86,70.49,13.09,27.79,2743.2,200.2,8.97,62,89,317,249,143,860,4768,164,560,86.82,2.99,10.2
2000-01-01,MUNICIPIO,38016,ES707,ES707A0,ES707A03,2007,44.9,1023,984,96.19,1785,222,11.06,255,1240,512,265,161,86,12.71,61.78,25.51,61.85,41.29,20.56,200.78,49.8,16.8,31.45,10258.4,19.56,2.16,34,43,112,85,49,323,1659,77,271,82.66,3.84,13.5
2000-01-01,MUNICIPIO,38017,ES709,ES709A3,ES709A31,20323,35.5,10263,10060,98.02,18993,1330,6.54,2976,15443,1904,1205,487,212,14.64,75.99,9.37,31.6,12.33,19.27,63.98,156.3,11.13,25.58,16250.4,125.06,8.18,99,520,1545,1100,556,3820,15948,2749,1626,78.47,13.53,8
2000-01-01,MUNICIPIO,38018,ES709,ES709A2,ES709A23,5269,39,2613,2656,101.65,5176,93,1.77,736,3746,787,475,236,76,13.97,71.1,14.94,40.66,21.01,19.65,106.93,93.52,9.66,29.99,2380.47,221.34,3.91,63,120,362,258,141,944,4966,48,255,94.25,0.91,4.84
2000-01-01,MUNICIPIO,38019,ES709,ES709A3,ES709A32,14674,35.4,7286,7388,101.4,14035,639,4.35,2580,10551,1543,939,440,164,17.58,71.9,10.52,39.08,14.62,24.45,59.81,167.21,10.63,28.52,14410.2,101.83,4.43,303,491,1166,830,440,3230,12709,858,1107,86.61,5.85,7.54
2000-01-01,MUNICIPIO,38020,ES709,ES709A3,ES709A33,14646,39.3,7204,7442,103.3,14434,212,1.45,2009,10315,2322,1404,685,233,13.72,70.43,15.85,41.99,22.51,19.48,115.58,86.52,10.03,29.5,10288.8,142.35,2.06,183,324,982,713,422,2624,13451,552,643,91.84,3.77,4.39
2000-01-01,MUNICIPIO,38021,ES706,ES706A0,ES706A01,2131,43.4,1092,1039,95.15,2019,112,5.26,226,1436,469,252,163,54,10.61,67.39,22.01,48.4,32.66,15.74,207.52,48.19,11.51,34.75,3915.87,54.42,2.86,38,44,98,62,44,286,1952,52,127,91.6,2.44,5.96
2000-01-01,MUNICIPIO,38022,ES709,ES709A2,ES709A23,19977,38.2,9799,10178,103.87,19465,512,2.56,2876,14385,2716,1694,771,251,14.4,72.01,13.6,38.87,18.88,19.99,94.44,105.89,9.24,28.39,9585.8,208.4,5.34,80,450,1502,1147,649,3828,18302,274,1401,91.62,1.37,7.01
2000-01-01,MUNICIPIO,38023,ES709,ES709A1,ES709A10,126543,36.6,62089,64454,103.81,125061,1482,1.17,19758,92523,14262,8870,4083,1309,15.61,73.12,11.27,36.77,15.41,21.35,72.18,138.54,9.18,28.63,10245.2,1235.14,14.47,2503,3377,8914,6673,3929,25396,115152,7025,4366,91,5.55,3.45
2000-01-01,MUNICIPIO,38024,ES707,ES707A0,ES707A04,18190,38.1,8967,9223,102.85,16890,1300,7.15,3019,12391,2780,1611,868,301,16.6,68.12,15.28,46.8,22.44,24.36,92.08,108.6,10.83,31.22,3560.43,510.89,36.51,485,558,1311,881,498,3733,15009,879,2302,82.51,4.83,12.66
2000-01-01,MUNICIPIO,38025,ES709,ES709A2,ES709A21,7000,36.7,3541,3459,97.68,6675,325,4.64,1207,4930,863,535,233,95,17.24,70.43,12.33,41.99,17.51,24.48,71.5,139.86,11.01,27,1405.07,498.2,23.13,202,193,510,409,178,1492,6409,135,456,91.56,1.93,6.51
2000-01-01,MUNICIPIO,38026,ES709,ES709A2,ES709A24,38348,36.7,18999,19349,101.84,37184,1164,3.04,6002,27940,4406,2753,1255,398,15.65,72.86,11.49,37.25,15.77,21.48,73.41,136.22,9.03,28.48,20688.7,185.36,5.63,408,1305,2815,2051,1102,7681,35087,1303,1958,91.5,3.4,5.11
2000-01-01,MUNICIPIO,38027,ES707,ES707A0,ES707A04,7289,40.4,3699,3590,97.05,6318,971,13.32,1060,4945,1284,706,424,154,14.54,67.84,17.62,47.4,25.97,21.44,121.13,82.55,11.99,33.02,13594,53.62,7.14,154,191,465,335,212,1357,5807,188,1294,79.67,2.58,17.75
2000-01-01,MUNICIPIO,38028,ES709,ES709A2,ES709A24,24988,40.2,12022,12966,107.85,22307,2681,10.73,3173,17955,3860,2331,1098,431,12.7,71.85,15.45,39.17,21.5,17.67,121.65,82.2,11.17,28.45,882.59,2831.21,303.77,246,602,1471,1196,705,4220,19078,2520,3390,76.35,10.08,13.57
2000-01-01,MUNICIPIO,38029,ES707,ES707A0,ES707A03,1785,41.6,882,903,102.38,1660,125,7,209,1243,333,163,132,38,11.71,69.64,18.66,43.6,26.79,16.81,159.33,62.76,11.41,39.64,3080.58,57.94,4.06,11,35,96,85,56,283,1314,23,448,73.61,1.29,25.1
2000-01-01,MUNICIPIO,38030,ES707,ES707A0,ES707A02,2204,43.8,1086,1118,102.95,2117,87,3.95,253,1467,484,244,168,72,11.48,66.56,21.96,50.24,32.99,17.25,191.3,52.27,14.88,34.71,3505.04,62.88,2.48,39,48,100,90,40,317,1966,71,167,89.2,3.22,7.58
2000-01-01,MUNICIPIO,38031,ES709,ES709A2,ES709A24,34147,36.5,16881,17266,102.28,32233,1914,5.61,5617,24584,3946,2506,1096,344,16.45,71.99,11.56,38.9,16.05,22.85,70.25,142.35,8.72,27.77,5646.81,604.71,33.9,609,982,2649,1846,1037,7123,30126,948,3073,88.22,2.78,9
2000-01-01,MUNICIPIO,38032,ES709,ES709A1,ES709A10,12696,35,6408,6288,98.13,12274,422,3.32,2345,9249,1102,699,286,117,18.47,72.85,8.68,37.27,11.91,25.35,46.99,212.79,10.62,25.95,3931.15,322.96,10.73,410,447,989,651,323,2820,9980,1787,929,78.61,14.08,7.32
2000-01-01,MUNICIPIO,38033,ES707,ES707A0,ES707A02,5229,42,2650,2579,97.32,5176,53,1.01,621,3591,1017,592,290,135,11.88,68.67,19.45,45.61,28.32,17.29,163.77,61.06,13.27,28.52,4287.29,121.97,1.24,103,104,251,210,119,787,4790,127,312,91.6,2.43,5.97
2000-01-01,MUNICIPIO,38034,ES709,ES709A2,ES709A23,4345,39.1,2149,2196,102.19,4251,94,2.16,570,3143,632,379,183,70,13.12,72.34,14.55,38.24,20.11,18.14,110.88,90.19,11.08,28.96,2060.52,210.87,4.56,0,109,283,251,141,784,4061,54,230,93.46,1.24,5.29
2000-01-01,MUNICIPIO,38035,ES709,ES709A3,ES709A31,7315,34.5,3708,3607,97.28,6150,1165,15.93,1467,5140,708,418,215,75,20.05,70.27,9.68,42.32,13.77,28.54,48.26,207.2,10.59,30.37,4203.66,174.02,27.71,265,303,585,412,214,1779,5534,458,1323,75.65,6.26,18.09
2000-01-01,MUNICIPIO,38036,ES706,ES706A0,ES706A02,7001,36.7,3541,3460,97.71,6804,197,2.81,1161,4977,863,509,241,113,16.58,71.09,12.33,40.67,17.34,23.33,74.33,134.53,13.09,27.93,11313.4,61.88,1.74,174,210,519,346,189,1438,6116,554,331,87.36,7.91,4.73
2000-01-01,MUNICIPIO,38037,ES707,ES707A0,ES707A01,18204,38.2,8867,9337,105.3,17886,318,1.75,2832,12634,2738,1445,907,386,15.56,69.4,15.04,44.09,21.67,22.42,96.68,103.43,14.1,33.13,4341.21,419.33,7.33,471,550,1210,829,534,3594,15814,1405,985,86.87,7.72,5.41
2000-01-01,MUNICIPIO,38038,ES709,ES709A1,ES709A10,215132,37.9,103660,111472,107.54,210659,4473,2.08,32635,153979,28518,16793,8719,3006,15.17,71.57,13.26,39.72,18.52,21.19,87.38,114.44,10.54,30.57,15044,1430.02,29.73,4071,6069,14365,11057,6185,41747,180532,23513,11087,83.92,10.93,5.15
2000-01-01,MUNICIPIO,38039,ES709,ES709A2,ES709A21,10529,36.2,5275,5254,99.6,9712,817,7.76,1849,7481,1199,773,324,102,17.56,71.05,11.39,40.74,16.03,24.72,64.85,154.21,8.51,27.02,2237.31,470.61,36.52,265,354,779,591,265,2254,8994,392,1143,85.42,3.72,10.86
2000-01-01,MUNICIPIO,38040,ES709,ES709A3,ES709A32,8863,42,4510,4353,96.52,5355,3508,39.58,1219,6157,1487,950,429,108,13.75,69.47,16.78,43.95,24.15,19.8,121.99,81.98,7.26,28.85,5198.76,170.48,67.48,240,240,492,326,156,1454,4659,457,3747,52.57,5.16,42.28
2000-01-01,MUNICIPIO,38041,ES709,ES709A2,ES709A21,7443,37.8,3723,3720,99.92,6769,674,9.06,1225,5174,1044,644,313,87,16.46,69.51,14.03,43.85,20.18,23.68,85.22,117.34,8.33,29.98,1820.11,408.93,37.03,159,229,537,402,223,1550,6382,283,778,85.74,3.8,10.45
2000-01-01,MUNICIPIO,38042,ES709,ES709A2,ES709A22,5066,41.6,2485,2581,103.86,4578,488,9.63,638,3456,972,606,276,90,12.59,68.22,19.19,46.59,28.12,18.46,152.35,65.64,9.26,28.4,2449.68,206.8,19.92,108,98,279,216,133,834,4357,67,642,86,1.32,12.67
2000-01-01,MUNICIPIO,38043,ES709,ES709A2,ES709A21,20800,36.4,10461,10339,98.83,20253,547,2.63,3447,14941,2412,1491,688,233,16.57,71.83,11.6,39.21,16.14,23.07,69.97,142.91,9.66,28.52,2999.64,693.42,18.24,582,648,1447,1038,610,4325,19076,738,986,91.71,3.55,4.74
2000-01-01,MUNICIPIO,38044,ES709,ES709A2,ES709A22,3000,38.8,1522,1478,97.11,2876,124,4.13,490,2052,458,284,118,56,16.33,68.4,15.27,46.2,22.32,23.88,93.47,106.99,12.23,25.76,2606.48,115.1,4.76,62,84,239,140,86,611,2618,39,343,87.27,1.3,11.43
2000-01-01,MUNICIPIO,38045,ES707,ES707A0,ES707A04,6147,41.6,3095,3052,98.61,5626,521,8.48,716,4277,1154,663,349,142,11.65,69.58,18.77,43.72,26.98,16.74,161.17,62.05,12.31,30.24,1156.38,531.57,45.05,57,121,351,257,146,932,5006,231,910,81.44,3.76,14.8
2000-01-01,MUNICIPIO,38046,ES709,ES709A1,ES709A10,9226,36.5,4574,4652,101.71,9147,79,0.86,1559,6605,1062,663,274,125,16.9,71.59,11.51,39.68,16.08,23.6,68.12,146.8,11.77,25.8,2644.48,348.88,2.99,211,303,674,483,297,1968,8607,303,316,93.29,3.28,3.43
2000-01-01,MUNICIPIO,38047,ES707,ES707A0,ES707A03,2672,41.6,1352,1320,97.63,2371,301,11.26,381,1773,518,280,180,58,14.26,66.35,19.39,50.71,29.22,21.49,135.96,73.55,11.2,34.75,5354.89,49.9,5.62,60,78,160,116,69,483,2217,83,372,82.97,3.11,13.92
2000-01-01,MUNICIPIO,38048,ES703,ES703A0,ES703A00,3641,41.5,1822,1819,99.84,3496,145,3.98,493,2417,731,381,244,106,13.54,66.38,20.08,50.64,30.24,20.4,148.28,67.44,14.5,33.38,10368.5,35.12,1.4,62,96,220,155,90,623,3034,268,339,83.33,7.36,9.31
2000-01-01,MUNICIPIO,38049,ES706,ES706A0,ES706A02,4002,40.7,2052,1950,95.03,3215,787,19.67,486,2890,626,359,181,86,12.14,72.21,15.64,38.48,21.66,16.82,128.81,77.64,13.74,28.91,3220.82,124.25,24.43,69,99,205,154,87,614,2915,120,967,72.84,3,24.16
2000-01-01,MUNICIPIO,38050,ES706,ES706A0,ES706A01,2680,45.7,1354,1326,97.93,2628,52,1.94,302,1607,771,416,243,112,11.27,59.96,28.77,66.77,47.98,18.79,255.3,39.17,14.53,31.52,10854.2,24.69,0.48,38,55,129,109,57,388,2518,33,129,93.96,1.23,4.81
2000-01-01,MUNICIPIO,38051,ES709,ES709A2,ES709A21,8052,36.8,3987,4065,101.96,7873,179,2.22,1386,5644,1022,663,285,74,17.21,70.09,12.69,42.66,18.11,24.56,73.74,135.62,7.24,27.89,1808.63,445.2,9.9,225,266,561,442,221,1715,7622,90,340,94.66,1.12,4.22
2000-01-01,MUNICIPIO,38052,ES709,ES709A3,ES709A31,1634,40.8,817,817,100,1582,52,3.18,264,1042,328,161,118,49,16.16,63.77,20.07,56.81,31.48,25.34,124.24,80.49,14.94,35.98,5627.11,29.04,0.92,44,49,117,72,49,331,1479,50,105,90.51,3.06,6.43
2000-01-01,MUNICIPIO,38053,ES707,ES707A0,ES707A01,4609,41.5,2329,2280,97.9,4320,289,6.27,726,2968,915,453,320,142,15.75,64.4,19.85,55.29,30.83,24.46,126.03,79.34,15.52,34.97,7067.2,65.22,4.09,122,127,345,192,120,906,3944,119,546,85.57,2.58,11.85
2001-01-01,MUNICIPIO,35001,ES705,ES705A2,ES705A22,5613,39.8,2853,2760,96.74,5263,350,6.24,821,3859,933,566,263,104,14.63,68.75,16.62,45.45,24.18,21.27,113.64,88,11.15,28.19,4451.16,126.1,7.86,126,125,373,266,110,1000,5002,231,380,89.11,4.12,6.77
2001-01-01,MUNICIPIO,35002,ES705,ES705A3,ES705A32,21512,33.5,11047,10465,94.73,20594,918,4.27,4198,15594,1720,1113,466,141,19.51,72.49,8,37.95,11.03,26.92,40.97,244.07,8.2,27.09,7889.72,272.66,11.64,806,816,1684,1168,619,5093,19116,1239,1157,88.86,5.76,5.38
2001-01-01,MUNICIPIO,35003,ES704,ES704A0,ES704A01,5722,32.6,3224,2498,77.48,4845,877,15.33,930,4457,335,203,99,33,16.25,77.89,5.85,28.38,7.52,20.87,36.02,277.61,9.85,29.55,25024.8,22.87,3.5,220,176,367,214,129,1106,3059,1634,1029,53.46,28.56,17.98
2001-01-01,MUNICIPIO,35004,ES708,ES708A0,ES708A01,45549,33.4,23218,22331,96.18,42313,3236,7.1,8206,33994,3349,2014,998,337,18.02,74.63,7.35,33.99,9.85,24.14,40.81,245.03,10.06,29.8,2427.54,1876.34,133.3,1521,1545,3356,2419,1337,10178,32962,8693,3894,72.37,19.08,8.55
2001-01-01,MUNICIPIO,35005,ES705,ES705A2,ES705A23,1490,40,771,719,93.26,1482,8,0.54,171,1070,249,164,66,19,11.48,71.81,16.71,39.25,23.27,15.98,145.61,68.67,7.63,26.51,6641.9,22.43,0.12,14,33,75,64,43,229,1432,31,27,96.11,2.08,1.81
2001-01-01,MUNICIPIO,35006,ES705,ES705A1,ES705A10,32542,36.6,16355,16187,98.97,32233,309,0.95,5593,23009,3940,2560,1045,335,17.19,70.71,12.11,41.43,17.12,24.31,70.45,141.95,8.5,26.52,3283.87,990.96,9.41,1073,1061,2291,1566,795,6786,30898,991,653,94.95,3.05,2.01
2001-01-01,MUNICIPIO,35007,ES704,ES704A0,ES704A01,670,40.9,343,327,95.34,617,53,7.91,98,439,133,59,47,27,14.63,65.52,19.85,52.62,30.3,22.32,135.71,73.68,20.3,35.34,10370.9,6.46,0.51,8,19,46,33,20,126,597,17,56,89.1,2.54,8.36
2001-01-01,MUNICIPIO,35008,ES705,ES705A2,ES705A21,6889,37.5,3503,3386,96.66,6830,59,0.86,1143,4854,892,570,214,108,16.59,70.46,12.95,41.92,18.38,23.55,78.04,128.14,12.11,23.99,1602.78,429.82,3.68,221,205,456,332,164,1378,6594,166,129,95.72,2.41,1.87
2001-01-01,MUNICIPIO,35009,ES705,ES705A2,ES705A22,22335,37.2,11207,11128,99.3,22194,141,0.63,3677,15647,3011,1964,788,259,16.46,70.06,13.48,42.74,19.24,23.5,81.89,122.12,8.6,26.17,6254.51,357.1,2.25,502,668,1655,1118,584,4527,21727,376,232,97.28,1.68,1.04
2001-01-01,MUNICIPIO,35010,ES708,ES708A0,ES708A02,4285,39.5,2226,2059,92.5,3782,503,11.74,676,2921,688,413,190,85,15.78,68.17,16.06,46.7,23.55,23.14,101.78,98.26,12.35,27.62,14565.3,29.42,3.45,132,136,273,182,74,797,3328,415,542,77.67,9.68,12.65
2001-01-01,MUNICIPIO,35011,ES705,ES705A3,ES705A32,25237,34.2,12822,12415,96.83,24774,463,1.83,4701,18241,2295,1495,597,203,18.63,72.28,9.09,38.35,12.58,25.77,48.82,204.84,8.85,26.01,3908.81,645.64,11.85,816,874,1941,1449,753,5833,23870,711,656,94.58,2.82,2.6
2001-01-01,MUNICIPIO,35012,ES705,ES705A3,ES705A31,14321,34.9,7554,6767,89.58,11255,3066,21.41,2576,10559,1186,790,288,108,17.99,73.73,8.28,35.63,11.23,24.4,46.04,217.2,9.11,24.28,17142,83.54,17.89,435,466,1123,728,345,3097,9382,1645,3294,65.51,11.49,23
2001-01-01,MUNICIPIO,35013,ES705,ES705A2,ES705A22,8594,39.8,4344,4250,97.84,8554,40,0.47,1209,5989,1396,856,387,153,14.07,69.69,16.24,43.5,23.31,20.19,115.47,86.6,10.96,27.72,3220.46,266.86,1.24,76,259,560,413,199,1507,8338,157,99,97.02,1.83,1.15
2001-01-01,MUNICIPIO,35014,ES704,ES704A0,ES704A02,11376,32.9,6144,5232,85.16,9502,1874,16.47,1987,8703,686,445,172,69,17.47,76.5,6.03,30.71,7.88,22.83,34.52,289.65,10.06,25.07,35533.4,32.01,5.27,322,421,871,512,279,2405,5972,3220,2184,52.5,28.31,19.2
2001-01-01,MUNICIPIO,35015,ES704,ES704A0,ES704A03,14629,31.6,8465,6164,72.82,12107,2522,17.24,2136,12026,467,309,108,50,14.6,82.21,3.19,21.64,3.88,17.76,21.86,457.39,10.71,23.13,38493.8,38,6.55,436,424,847,543,268,2518,5709,6051,2869,39.03,41.36,19.61
2001-01-01,MUNICIPIO,35016,ES705,ES705A1,ES705A10,364777,37.5,178594,186183,104.25,350412,14365,3.94,56250,262235,46292,28429,13615,4248,15.42,71.89,12.69,39.1,17.65,21.45,82.3,121.51,9.18,29.41,10331.6,3530.69,139.04,10334,9967,22597,18022,9716,70636,305959,36948,21870,83.88,10.13,6
2001-01-01,MUNICIPIO,35017,ES704,ES704A0,ES704A02,23068,32.3,12151,10917,89.84,22089,979,4.24,4433,17104,1531,909,479,143,19.22,74.15,6.64,34.87,8.95,25.92,34.54,289.55,9.34,31.29,29077.1,79.33,3.37,822,871,1794,1276,705,5468,15698,5898,1472,68.05,25.57,6.38
2001-01-01,MUNICIPIO,35018,ES708,ES708A0,ES708A01,14835,32.5,7676,7159,93.26,13494,1341,9.04,2773,11240,822,485,239,98,18.69,75.77,5.54,31.98,7.31,24.67,29.64,337.35,11.92,29.08,4076.11,363.95,32.9,483,566,1185,733,384,3351,8728,4405,1702,58.83,29.69,11.47
2001-01-01,MUNICIPIO,35019,ES705,ES705A3,ES705A31,40825,35.3,21219,19606,92.4,32865,7960,19.5,6571,31187,3067,2022,795,250,16.1,76.39,7.51,30.9,9.83,21.07,46.67,214.25,8.15,25.92,33241.9,122.81,23.95,602,1207,3131,2189,1162,8291,26921,5086,8818,65.94,12.46,21.6
2001-01-01,MUNICIPIO,35020,ES705,ES705A2,ES705A23,8055,37.4,4061,3994,98.35,7976,79,0.98,1354,5512,1189,766,307,116,16.81,68.43,14.76,46.14,21.57,24.56,87.81,113.88,9.76,25.82,12370.8,65.11,0.64,195,280,581,399,183,1638,7810,140,105,96.96,1.74,1.3
2001-01-01,MUNICIPIO,35021,ES705,ES705A1,ES705A10,18314,36.3,9144,9170,100.28,17602,712,3.89,3119,13244,1951,1205,530,216,17.03,72.32,10.65,38.28,14.73,23.55,62.55,159.87,11.07,27.17,2383.19,768.47,29.88,538,559,1306,925,504,3832,16079,1245,990,87.8,6.8,5.41
2001-01-01,MUNICIPIO,35022,ES705,ES705A3,ES705A32,47161,32.3,24101,23060,95.68,43974,3187,6.76,9759,34146,3256,2131,856,269,20.69,72.4,6.9,38.12,9.54,28.58,33.36,299.72,8.26,26.29,6252.83,754.23,50.97,1766,1964,4011,2628,1251,11620,40479,3088,3594,85.83,6.55,7.62
2001-01-01,MUNICIPIO,35023,ES705,ES705A2,ES705A22,14174,38.1,7079,7095,100.23,14089,85,0.6,2283,9770,2121,1299,592,230,16.11,68.93,14.96,45.08,21.71,23.37,92.9,107.64,10.84,27.91,4261.82,332.58,1.99,355,394,1008,681,375,2813,13679,319,176,96.51,2.25,1.24
2001-01-01,MUNICIPIO,35024,ES708,ES708A0,ES708A02,12905,35,6641,6264,94.32,11320,1585,12.28,2284,9468,1153,712,307,134,17.7,73.37,8.93,36.3,12.18,24.12,50.48,198.09,11.62,26.63,22400.6,57.61,7.08,394,475,939,638,299,2745,9107,2056,1742,70.57,15.93,13.5
2001-01-01,MUNICIPIO,35025,ES705,ES705A2,ES705A23,2444,43.5,1249,1195,95.68,2439,5,0.2,236,1745,463,250,133,80,9.66,71.4,18.94,40.06,26.53,13.52,196.19,50.97,17.28,28.73,10386.3,23.53,0.05,11,34,114,95,55,309,2360,69,15,96.56,2.82,0.61
2001-01-01,MUNICIPIO,35026,ES705,ES705A1,ES705A10,89493,34.2,45016,44477,98.8,88074,1419,1.59,16623,64883,7987,5115,2167,705,18.57,72.5,8.92,37.93,12.31,25.62,48.05,208.13,8.83,27.13,10033.1,891.98,14.14,3136,2976,6738,5033,2811,20694,82694,4537,2262,92.4,5.07,2.53
2001-01-01,MUNICIPIO,35027,ES705,ES705A2,ES705A21,12144,38,6140,6004,97.79,12037,107,0.88,1927,8477,1740,1136,436,168,15.87,69.8,14.33,43.26,20.53,22.73,90.3,110.75,9.66,25.06,2580.73,470.56,4.15,363,371,803,521,269,2327,11603,252,289,95.55,2.08,2.38
2001-01-01,MUNICIPIO,35028,ES708,ES708A0,ES708A01,14442,34.2,7524,6918,91.95,10554,3888,26.92,2519,10990,933,600,238,95,17.44,76.1,6.46,31.41,8.49,22.92,37.04,269.99,10.18,25.51,6432.05,224.53,60.45,515,529,957,687,289,2977,6936,3385,4121,48.03,23.44,28.53
2001-01-01,MUNICIPIO,35029,ES708,ES708A0,ES708A03,4670,34.7,2453,2217,90.38,4260,410,8.78,813,3407,450,280,116,54,17.41,72.96,9.64,37.07,13.21,23.86,55.35,180.67,12,25.78,13577.9,34.39,3.02,162,179,317,224,102,984,3739,464,467,80.06,9.94,10
2001-01-01,MUNICIPIO,35030,ES704,ES704A0,ES704A03,10560,32.5,5644,4916,87.1,9945,615,5.82,2106,7649,805,504,223,78,19.94,72.43,7.62,38.06,10.52,27.53,38.22,261.61,9.69,27.7,27629.8,38.22,2.23,424,423,846,537,317,2547,7464,2351,745,70.68,22.26,7.05
2001-01-01,MUNICIPIO,35031,ES705,ES705A2,ES705A21,8139,35.1,4188,3951,94.34,8000,139,1.71,1518,5795,826,511,240,75,18.65,71.2,10.15,40.45,14.25,26.19,54.41,183.78,9.08,29.06,3880.13,209.76,3.58,260,292,638,440,212,1842,7719,219,201,94.84,2.69,2.47
2001-01-01,MUNICIPIO,35032,ES705,ES705A2,ES705A21,4024,40.7,2076,1948,93.83,3992,32,0.8,534,2805,685,421,191,73,13.27,69.71,17.02,43.46,24.42,19.04,128.28,77.96,10.66,27.88,2212.89,181.84,1.45,89,91,217,185,95,677,3864,67,93,96.02,1.67,2.31
2001-01-01,MUNICIPIO,35033,ES705,ES705A2,ES705A21,7406,37.7,3851,3555,92.31,7381,25,0.34,1339,5035,1032,596,316,120,18.08,67.99,13.93,47.09,20.5,26.59,77.07,129.75,11.63,30.62,3821.39,193.8,0.65,169,313,615,299,147,1543,7199,133,74,97.2,1.8,1
2001-01-01,MUNICIPIO,35034,ES708,ES708A0,ES708A03,6358,34.1,3641,2717,74.62,5331,1027,16.15,794,5184,380,259,94,27,12.49,81.54,5.98,22.65,7.33,15.32,47.86,208.95,7.11,24.74,21209.4,29.98,4.84,146,155,316,226,120,963,2690,2526,1142,42.31,39.73,17.96
2001-01-01,MUNICIPIO,38001,ES709,ES709A3,ES709A32,21862,33.9,11357,10505,92.5,16162,5700,26.07,3884,16509,1469,926,398,145,17.77,75.51,6.72,32.42,8.9,23.53,37.82,264.4,9.87,27.09,10595.2,206.34,53.8,786,789,1609,946,479,4609,10964,4226,6672,50.15,19.33,30.52
2001-01-01,MUNICIPIO,38002,ES706,ES706A0,ES706A01,1159,45.2,569,590,103.69,1120,39,3.36,139,722,298,173,90,35,11.99,62.3,25.71,60.53,41.27,19.25,214.39,46.64,11.74,30.2,2500.41,46.35,1.56,28,19,64,41,16,168,1066,22,71,91.98,1.9,6.13
2001-01-01,MUNICIPIO,38003,ES706,ES706A0,ES706A02,1406,39.7,758,648,85.49,1326,80,5.69,193,979,234,124,77,33,13.73,69.63,16.64,43.62,23.9,19.71,121.24,82.48,14.1,32.91,4960.68,28.34,1.61,33,50,67,54,22,226,1223,79,104,86.98,5.62,7.4
2001-01-01,MUNICIPIO,38004,ES709,ES709A3,ES709A33,5012,41.3,2417,2595,107.36,4942,70,1.4,643,3450,919,524,281,114,12.83,68.83,18.34,45.28,26.64,18.64,142.92,69.97,12.4,30.58,3436.18,145.86,2.04,60,106,304,216,129,815,4589,179,244,91.56,3.57,4.87
2001-01-01,MUNICIPIO,38005,ES709,ES709A3,ES709A31,6234,39.7,3202,3032,94.69,5701,533,8.55,942,4279,1013,589,314,110,15.11,68.64,16.25,45.69,23.67,22.01,107.54,92.99,10.86,31,17893.4,34.84,2.98,178,175,394,268,147,1162,5387,197,650,86.41,3.16,10.43
2001-01-01,MUNICIPIO,38006,ES709,ES709A3,ES709A32,43259,34.3,22211,21048,94.76,33597,9662,22.34,7124,33100,3035,2011,785,239,16.47,76.52,7.02,30.69,9.17,21.52,42.6,234.73,7.87,25.86,8159.85,530.14,118.41,928,1385,3201,2088,1053,8655,23299,8865,11095,53.86,20.49,25.65
2001-01-01,MUNICIPIO,38007,ES707,ES707A0,ES707A02,2401,44.7,1217,1184,97.29,2318,83,3.46,243,1567,591,305,206,80,10.12,65.26,24.61,53.22,37.72,15.51,243.21,41.12,13.54,34.86,4349.52,55.2,1.91,25,28,112,107,54,326,2128,24,249,88.63,1,10.37
2001-01-01,MUNICIPIO,38008,ES707,ES707A0,ES707A01,6091,38.5,3016,3075,101.96,5578,513,8.42,935,4250,906,554,248,104,15.35,69.78,14.87,43.32,21.32,22,96.9,103.2,11.48,27.37,3089.34,197.16,16.61,153,174,411,277,150,1165,5060,261,770,83.07,4.29,12.64
2001-01-01,MUNICIPIO,38009,ES707,ES707A0,ES707A01,4119,38.8,2075,2044,98.51,3832,287,6.97,607,2921,591,314,164,113,14.74,70.92,14.35,41.01,20.23,20.78,97.36,102.71,19.12,27.75,1415.88,290.91,20.27,66,151,247,188,108,760,3220,367,532,78.17,8.91,12.92
2001-01-01,MUNICIPIO,38010,ES709,ES709A2,ES709A22,5322,40.4,2711,2611,96.31,5123,199,3.74,735,3688,899,522,273,104,13.81,69.3,16.89,44.31,24.38,19.93,122.31,81.76,11.57,30.37,6636.41,80.19,3,124,113,311,250,128,926,4751,86,485,89.27,1.62,9.11
2001-01-01,MUNICIPIO,38011,ES709,ES709A3,ES709A33,13595,38.2,6770,6825,100.81,13087,508,3.74,2033,9806,1756,1123,467,166,14.95,72.13,12.92,38.64,17.91,20.73,86.37,115.77,9.45,26.59,4948.05,274.75,10.27,195,354,991,665,337,2542,10982,1629,984,80.78,11.98,7.24
2001-01-01,MUNICIPIO,38012,ES709,ES709A3,ES709A31,2606,44.5,1329,1277,96.09,2575,31,1.19,267,1713,626,340,221,65,10.25,65.73,24.02,52.13,36.54,15.59,234.46,42.65,10.38,35.3,4524.91,57.59,0.69,55,53,106,77,54,345,2442,65,99,93.71,2.49,3.8
2001-01-01,MUNICIPIO,38013,ES703,ES703A0,ES703A00,5091,42.5,2583,2508,97.1,4457,634,12.45,690,3365,1036,549,332,155,13.55,66.1,20.35,51.29,30.79,20.51,150.14,66.6,14.96,32.05,16428.9,30.99,3.86,104,114,312,205,116,851,3707,239,1145,72.81,4.69,22.49
2001-01-01,MUNICIPIO,38014,ES707,ES707A0,ES707A04,1794,42.4,915,879,96.07,1747,47,2.62,244,1151,399,196,154,49,13.6,64.16,22.24,55.86,34.67,21.2,163.52,61.15,12.28,38.6,5590.02,32.09,0.84,39,52,94,75,37,297,1652,30,112,92.08,1.67,6.24
2001-01-01,MUNICIPIO,38015,ES709,ES709A2,ES709A22,5853,40.7,2908,2945,101.27,5482,371,6.34,776,4074,1003,585,287,131,13.26,69.61,17.14,43.67,24.62,19.05,129.25,77.37,13.06,28.61,2743.2,213.36,13.52,118,132,310,274,128,962,4948,183,722,84.54,3.13,12.34
2001-01-01,MUNICIPIO,38016,ES707,ES707A0,ES707A03,2012,45.7,1034,978,94.58,1774,238,11.83,240,1237,535,273,166,96,11.93,61.48,26.59,62.65,43.25,19.4,222.92,44.86,17.94,31.03,10258.4,19.61,2.32,35,36,110,87,43,311,1648,77,287,81.91,3.83,14.26
2001-01-01,MUNICIPIO,38017,ES709,ES709A3,ES709A31,21078,36.2,10707,10371,96.86,19270,1808,8.58,2889,16103,2086,1296,544,246,13.71,76.4,9.9,30.89,12.95,17.94,72.2,138.49,11.79,26.08,16250.4,129.71,11.13,172,350,1546,1089,568,3725,16046,2890,2142,76.13,13.71,10.16
2001-01-01,MUNICIPIO,38018,ES709,ES709A2,ES709A23,5257,39.5,2599,2658,102.27,5139,118,2.24,718,3724,815,482,241,92,13.66,70.84,15.5,41.17,21.89,19.28,113.51,88.1,11.29,29.57,2380.47,220.84,4.96,59,118,342,261,134,914,4931,48,278,93.8,0.91,5.29
2001-01-01,MUNICIPIO,38019,ES709,ES709A3,ES709A32,15418,35.6,7731,7687,99.43,14275,1143,7.41,2734,11051,1633,1002,457,174,17.73,71.68,10.59,39.52,14.78,24.74,59.73,167.42,10.66,27.99,14410.2,106.99,7.93,410,469,1225,845,430,3379,12839,923,1656,83.27,5.99,10.74
2001-01-01,MUNICIPIO,38020,ES709,ES709A3,ES709A33,15101,39.3,7443,7658,102.89,14844,257,1.7,2149,10540,2412,1456,709,247,14.23,69.8,15.97,43.27,22.88,20.39,112.24,89.1,10.24,29.39,10288.8,146.77,2.5,280,392,966,702,409,2749,13835,566,700,91.62,3.75,4.64
2001-01-01,MUNICIPIO,38021,ES706,ES706A0,ES706A01,2120,43.9,1082,1038,95.93,1998,122,5.75,224,1423,473,251,164,58,10.57,67.12,22.31,48.98,33.24,15.74,211.16,47.36,12.26,34.67,3915.87,54.14,3.12,51,28,97,65,43,284,1929,49,142,90.99,2.31,6.7
2001-01-01,MUNICIPIO,38022,ES709,ES709A2,ES709A23,22031,38.1,10886,11145,102.38,21181,850,3.86,3391,15596,3044,1879,876,289,15.39,70.79,13.82,41.26,19.52,21.74,89.77,111.4,9.49,28.78,9585.8,229.83,8.87,388,574,1562,1173,657,4354,19794,361,1876,89.85,1.64,8.52
2001-01-01,MUNICIPIO,38023,ES709,ES709A1,ES709A10,133340,37.1,65569,67771,103.36,130788,2552,1.91,19883,97873,15584,9597,4430,1557,14.91,73.4,11.69,36.24,15.92,20.32,78.38,127.59,9.99,28.43,10245.2,1301.49,24.91,2098,3671,9001,6875,3802,25447,119293,7980,6067,89.47,5.98,4.55
2001-01-01,MUNICIPIO,38024,ES707,ES707A0,ES707A04,19536,38.3,9630,9906,102.87,17839,1697,8.69,3236,13302,2998,1684,954,360,16.56,68.09,15.35,46.87,22.54,24.33,92.65,107.94,12.01,31.82,3560.43,548.7,47.66,506,643,1388,940,482,3959,15739,969,2828,80.56,4.96,14.48
2001-01-01,MUNICIPIO,38025,ES709,ES709A2,ES709A21,7224,37.2,3660,3564,97.38,6830,394,5.45,1225,5052,947,595,248,104,16.96,69.93,13.11,42.99,18.75,24.25,77.31,129.36,10.98,26.19,1405.07,514.14,28.04,219,206,491,408,180,1504,6553,138,533,90.71,1.91,7.38
2001-01-01,MUNICIPIO,38026,ES709,ES709A2,ES709A24,38670,36.5,19140,19530,102.04,37361,1309,3.39,6506,27585,4579,2830,1301,448,16.82,71.33,11.84,40.18,16.6,23.59,70.38,142.08,9.78,28.41,20688.7,186.91,6.33,1134,1223,2718,1948,1117,8140,35198,1329,2143,91.02,3.44,5.54
2001-01-01,MUNICIPIO,38027,ES707,ES707A0,ES707A04,7358,41.1,3738,3620,96.84,6338,1020,13.86,1051,4960,1347,725,447,175,14.28,67.41,18.31,48.35,27.16,21.19,128.16,78.03,12.99,33.18,13594,54.13,7.5,163,191,434,339,193,1320,5803,206,1349,78.87,2.8,18.33
2001-01-01,MUNICIPIO,38028,ES709,ES709A2,ES709A24,29854,41.4,14443,15411,106.7,24911,4943,16.56,3736,20763,5355,3122,1680,553,12.51,69.55,17.94,43.78,25.79,17.99,143.34,69.77,10.33,31.37,882.59,3382.54,560.06,481,663,1612,1296,777,4829,20858,3186,5810,69.87,10.67,19.46
2001-01-01,MUNICIPIO,38029,ES707,ES707A0,ES707A03,1802,42,899,903,100.44,1662,140,7.77,221,1231,350,163,144,43,12.26,68.31,19.42,46.39,28.43,17.95,158.37,63.14,12.29,41.14,3080.58,58.5,4.54,33,27,103,80,44,287,1333,24,445,73.97,1.33,24.69
2001-01-01,MUNICIPIO,38030,ES707,ES707A0,ES707A02,2258,43.5,1111,1147,103.24,2137,121,5.36,271,1490,497,257,164,76,12,65.99,22.01,51.54,33.36,18.19,183.39,54.53,15.29,33,3505.04,64.42,3.45,54,62,96,84,46,342,1976,76,206,87.51,3.37,9.12
2001-01-01,MUNICIPIO,38031,ES709,ES709A2,ES709A24,35031,36.3,17367,17664,101.71,32927,2104,6.01,6131,24783,4117,2618,1146,353,17.5,70.75,11.75,41.35,16.61,24.74,67.15,148.92,8.57,27.84,5646.81,620.37,37.26,1077,1133,2569,1847,942,7568,30801,981,3249,87.92,2.8,9.27
2001-01-01,MUNICIPIO,38032,ES709,ES709A1,ES709A10,13264,35.5,6737,6527,96.88,12743,521,3.93,2326,9738,1200,755,319,126,17.54,73.42,9.05,36.21,12.32,23.89,51.59,193.83,10.5,26.58,3931.15,337.41,13.25,407,451,1009,647,324,2838,10319,1869,1076,77.8,14.09,8.11
2001-01-01,MUNICIPIO,38033,ES707,ES707A0,ES707A02,5263,42.5,2679,2584,96.45,5201,62,1.18,598,3597,1068,611,308,149,11.36,68.35,20.29,46.32,29.69,16.62,178.6,55.99,13.95,28.84,4287.29,122.76,1.45,96,97,252,213,100,758,4763,170,330,90.5,3.23,6.27
2001-01-01,MUNICIPIO,38034,ES709,ES709A2,ES709A23,4702,38.5,2349,2353,100.17,4580,122,2.59,664,3357,681,414,188,79,14.12,71.4,14.48,40.07,20.29,19.78,102.56,97.5,11.6,27.61,2060.52,228.19,5.92,74,119,296,236,139,864,4357,72,273,92.66,1.53,5.81
2001-01-01,MUNICIPIO,38035,ES709,ES709A3,ES709A31,8355,34.6,4248,4107,96.68,6793,1562,18.7,1639,5932,784,482,223,79,19.62,71,9.38,40.85,13.22,27.63,47.83,209.06,10.08,28.44,4203.66,198.76,37.16,321,309,675,434,217,1956,5904,671,1780,70.66,8.03,21.3
2001-01-01,MUNICIPIO,38036,ES706,ES706A0,ES706A02,7437,36.5,3782,3655,96.64,7139,298,4.01,1277,5264,896,535,252,109,17.17,70.78,12.05,41.28,17.02,24.26,70.16,142.52,12.17,28.12,11313.4,65.74,2.63,221,241,533,363,180,1538,6369,622,446,85.64,8.36,6
2001-01-01,MUNICIPIO,38037,ES707,ES707A0,ES707A01,18206,38.6,8889,9317,104.81,17766,440,2.42,2753,12664,2789,1495,898,396,15.12,69.56,15.32,43.76,22.02,21.74,101.31,98.71,14.2,32.2,4341.21,419.38,10.14,445,514,1170,837,473,3439,15679,1455,1072,86.12,7.99,5.89
2001-01-01,MUNICIPIO,38038,ES709,ES709A1,ES709A10,214153,38.7,103238,110915,107.44,208843,5310,2.48,30611,153405,30137,17479,9222,3436,14.29,71.63,14.07,39.6,19.65,19.95,98.45,101.57,11.4,30.6,15044,1423.51,35.3,3200,5537,14017,10551,5865,39170,178738,23351,12064,83.46,10.9,5.63
2001-01-01,MUNICIPIO,38039,ES709,ES709A2,ES709A21,10907,37.1,5499,5408,98.35,9919,988,9.06,1749,7842,1316,827,372,117,16.04,71.9,12.07,39.08,16.78,22.3,75.24,132.9,8.89,28.27,2237.31,487.51,44.16,177,378,758,600,251,2164,9103,471,1333,83.46,4.32,12.22
2001-01-01,MUNICIPIO,38040,ES709,ES709A3,ES709A32,9445,42.6,4808,4637,96.44,5510,3935,41.66,1249,6529,1667,1073,472,122,13.22,69.13,17.65,44.66,25.53,19.13,133.47,74.93,7.32,28.31,5198.76,181.68,75.69,225,235,511,350,166,1487,4793,455,4197,50.75,4.82,44.44
2001-01-01,MUNICIPIO,38041,ES709,ES709A2,ES709A21,7561,38.7,3783,3778,99.87,6869,692,9.15,1147,5292,1122,682,331,109,15.17,69.99,14.84,42.88,21.2,21.67,97.82,102.23,9.71,29.5,1820.11,415.41,38.02,97,227,537,383,201,1445,6452,304,805,85.33,4.02,10.65
2001-01-01,MUNICIPIO,38042,ES709,ES709A2,ES709A22,5332,42,2627,2705,102.97,4815,517,9.7,669,3596,1067,655,300,112,12.55,67.44,20.01,48.28,29.67,18.6,159.49,62.7,10.5,28.12,2449.68,217.66,21.1,113,124,289,196,129,851,4556,103,673,85.45,1.93,12.62
2001-01-01,MUNICIPIO,38043,ES709,ES709A2,ES709A21,21122,36.9,10602,10520,99.23,20505,617,2.92,3421,15155,2546,1602,702,242,16.2,71.75,12.05,39.37,16.8,22.57,74.42,134.37,9.51,27.57,2999.64,704.15,20.57,585,657,1408,1036,548,4234,19262,780,1080,91.19,3.69,5.11
2001-01-01,MUNICIPIO,38044,ES709,ES709A2,ES709A22,3049,39.5,1518,1531,100.86,2896,153,5.02,463,2094,492,316,118,58,15.19,68.68,16.14,45.61,23.5,22.11,106.26,94.11,11.79,23.98,2606.48,116.98,5.87,62,74,213,151,75,575,2640,40,369,86.59,1.31,12.1
2001-01-01,MUNICIPIO,38045,ES707,ES707A0,ES707A04,6117,42.4,3105,3012,97,5562,555,9.07,678,4245,1194,661,371,162,11.08,69.4,19.52,44.1,28.13,15.97,176.11,56.78,13.57,31.07,1156.38,528.98,47.99,81,85,322,249,139,876,4944,230,943,80.82,3.76,15.42
2001-01-01,MUNICIPIO,38046,ES709,ES709A1,ES709A10,9664,36.7,4801,4863,101.29,9552,112,1.16,1651,6875,1138,708,296,134,17.08,71.14,11.78,40.57,16.55,24.01,68.93,145.08,11.78,26.01,2644.48,365.44,4.24,283,297,690,507,259,2036,8942,357,365,92.53,3.69,3.78
2001-01-01,MUNICIPIO,38047,ES707,ES707A0,ES707A03,2741,41.7,1395,1346,96.49,2391,350,12.77,400,1798,543,311,176,56,14.59,65.6,19.81,52.45,30.2,22.25,135.75,73.66,10.31,32.41,5354.89,51.19,6.54,66,75,168,112,68,489,2232,90,419,81.43,3.28,15.29
2001-01-01,MUNICIPIO,38048,ES703,ES703A0,ES703A00,4332,41.2,2193,2139,97.54,4125,207,4.78,632,2820,880,458,292,130,14.59,65.1,20.31,53.62,31.21,22.41,139.24,71.82,14.77,33.18,10368.5,41.78,2,119,122,265,175,93,774,3548,347,437,81.9,8.01,10.09
2001-01-01,MUNICIPIO,38049,ES706,ES706A0,ES706A02,4093,40.8,2071,2022,97.63,3231,862,21.06,509,2932,652,377,191,84,12.44,71.63,15.93,39.6,22.24,17.36,128.09,78.07,12.88,29.29,3220.82,127.08,26.76,74,108,207,155,82,626,2923,119,1051,71.41,2.91,25.68
2001-01-01,MUNICIPIO,38050,ES706,ES706A0,ES706A01,2775,46.4,1401,1374,98.07,2678,97,3.5,304,1648,823,437,258,128,10.95,59.39,29.66,68.39,49.94,18.45,270.72,36.94,15.55,31.35,10854.2,25.57,0.89,42,55,133,111,55,396,2557,36,182,92.14,1.3,6.56
2001-01-01,MUNICIPIO,38051,ES709,ES709A2,ES709A21,8068,37.2,4013,4055,101.05,7866,202,2.5,1334,5677,1057,691,285,81,16.53,70.36,13.1,42.12,18.62,23.5,79.24,126.21,7.66,26.96,1808.63,446.08,11.17,209,236,562,443,229,1679,7586,115,367,94.03,1.43,4.55
2001-01-01,MUNICIPIO,38052,ES709,ES709A3,ES709A31,1707,41,861,846,98.26,1632,75,4.39,268,1094,345,168,122,55,15.7,64.09,20.21,56.03,31.54,24.5,128.73,77.68,15.94,35.36,5627.11,30.34,1.33,53,45,116,78,45,337,1509,61,137,88.4,3.57,8.03
2001-01-01,MUNICIPIO,38053,ES707,ES707A0,ES707A01,4621,41.9,2337,2284,97.73,4320,301,6.51,720,2959,942,466,319,157,15.58,64.03,20.39,56.17,31.84,24.33,130.83,76.43,16.67,33.86,7067.2,65.39,4.26,111,129,334,186,112,872,3936,113,572,85.18,2.45,12.38
2002-01-01,MUNICIPIO,35001,ES705,ES705A2,ES705A22,5649,40,2889,2760,95.53,5278,371,6.57,820,3873,956,576,275,105,14.52,68.56,16.92,45.86,24.68,21.17,116.59,85.77,10.98,28.77,4451.16,126.91,8.33,137,132,357,257,124,1007,5010,233,406,88.69,4.12,7.19
2002-01-01,MUNICIPIO,35002,ES705,ES705A3,ES705A32,22567,33.7,11645,10922,93.79,21293,1274,5.65,4270,16493,1804,1190,486,128,18.92,73.08,7.99,36.83,10.94,25.89,42.25,236.7,7.1,26.94,7889.72,286.03,16.15,846,838,1685,1229,598,5196,19663,1369,1535,87.13,6.07,6.8
2002-01-01,MUNICIPIO,35003,ES704,ES704A0,ES704A01,6543,32.7,3711,2832,76.31,5150,1393,21.29,1073,5108,362,218,109,35,16.4,78.07,5.53,28.09,7.09,21.01,33.74,296.41,9.67,30.11,25024.8,26.15,5.57,237,232,389,268,114,1240,3191,1803,1549,48.77,27.56,23.67
2002-01-01,MUNICIPIO,35004,ES708,ES708A0,ES708A01,48253,33.5,24587,23666,96.25,42816,5437,11.27,8662,36072,3519,2112,1069,338,17.95,74.76,7.29,33.77,9.76,24.01,40.63,246.15,9.61,30.38,2427.54,1987.73,223.97,1721,1627,3494,2467,1370,10679,33247,8897,6109,68.9,18.44,12.66
2002-01-01,MUNICIPIO,35005,ES705,ES705A2,ES705A23,1394,41.2,731,663,90.7,1388,6,0.43,149,993,252,160,73,19,10.69,71.23,18.08,40.38,25.38,15.01,169.13,59.13,7.54,28.97,6641.9,20.99,0.09,8,25,71,61,32,197,1338,33,23,95.98,2.37,1.65
2002-01-01,MUNICIPIO,35006,ES705,ES705A1,ES705A10,32917,36.8,16566,16351,98.7,32543,374,1.14,5635,23249,4033,2639,1057,337,17.12,70.63,12.25,41.58,17.35,24.24,71.57,139.72,8.36,26.21,3283.87,1002.38,11.39,1130,1006,2289,1591,820,6836,31159,1019,739,94.66,3.1,2.25
2002-01-01,MUNICIPIO,35007,ES704,ES704A0,ES704A01,665,41.5,344,321,93.31,611,54,8.12,92,441,132,60,46,26,13.83,66.32,19.85,50.79,29.93,20.86,143.48,69.7,19.7,34.85,10370.9,6.41,0.52,2,17,50,30,18,117,586,23,56,88.12,3.46,8.42
2002-01-01,MUNICIPIO,35008,ES705,ES705A2,ES705A21,6927,37.9,3517,3410,96.96,6855,72,1.04,1113,4891,923,582,240,101,16.07,70.61,13.32,41.63,18.87,22.76,82.93,120.59,10.94,26,1602.78,432.19,4.49,208,200,433,358,151,1350,6615,177,135,95.5,2.56,1.95
2002-01-01,MUNICIPIO,35009,ES705,ES705A2,ES705A22,22677,37.4,11389,11288,99.11,22507,170,0.75,3706,15867,3104,2032,791,281,16.34,69.97,13.69,42.92,19.56,23.36,83.76,119.39,9.05,25.48,6254.51,362.57,2.72,555,675,1599,1163,583,4575,22022,387,268,97.11,1.71,1.18
2002-01-01,MUNICIPIO,35010,ES708,ES708A0,ES708A02,4551,39.6,2367,2184,92.27,3948,603,13.25,720,3112,719,422,208,89,15.82,68.38,15.8,46.24,23.1,23.14,99.86,100.14,12.38,28.93,14565.3,31.25,4.14,127,158,281,190,87,843,3460,442,649,76.03,9.71,14.26
2002-01-01,MUNICIPIO,35011,ES705,ES705A3,ES705A32,25681,34.5,13052,12629,96.76,25032,649,2.53,4708,18595,2378,1552,621,205,18.33,72.41,9.26,38.11,12.79,25.32,50.51,197.98,8.62,26.11,3908.81,657,16.6,854,847,1886,1462,766,5815,24084,759,838,93.78,2.96,3.26
2002-01-01,MUNICIPIO,35012,ES705,ES705A3,ES705A31,15395,35.4,8156,7239,88.76,11335,4060,26.37,2693,11363,1339,909,322,108,17.49,73.81,8.7,35.48,11.78,23.7,49.72,201.12,8.07,24.05,17142,89.81,23.68,503,472,1144,768,346,3233,9476,1637,4282,61.55,10.63,27.81
2002-01-01,MUNICIPIO,35013,ES705,ES705A2,ES705A22,8435,40.6,4269,4166,97.59,8396,39,0.46,1111,5891,1433,879,405,149,13.17,69.84,16.99,43.18,24.33,18.86,128.98,77.53,10.4,28.26,3220.46,261.92,1.21,34,220,540,416,182,1392,8192,146,97,97.12,1.73,1.15
2002-01-01,MUNICIPIO,35014,ES704,ES704A0,ES704A02,13026,32.9,6984,6042,86.51,10303,2723,20.9,2224,10061,741,486,187,68,17.07,77.24,5.69,29.47,7.37,22.11,33.32,300.13,9.18,25.24,35533.4,36.66,7.66,408,463,916,572,290,2649,6258,3743,3025,48.04,28.73,23.22
2002-01-01,MUNICIPIO,35015,ES704,ES704A0,ES704A03,15860,32,9152,6708,73.3,12487,3373,21.27,2221,13096,543,368,125,50,14,82.57,3.42,21.11,4.15,16.96,24.45,409.02,9.21,23.02,38493.8,41.2,8.76,465,466,861,573,268,2633,5925,6208,3727,37.36,39.14,23.5
2002-01-01,MUNICIPIO,35016,ES705,ES705A1,ES705A10,370649,37.8,181581,189068,104.12,352001,18648,5.03,56559,266134,47956,29417,14158,4381,15.26,71.8,12.94,39.27,18.02,21.25,84.79,117.94,9.14,29.52,10331.6,3587.53,180.49,11007,10301,22174,17603,9506,70591,306968,37262,26419,82.82,10.05,7.13
2002-01-01,MUNICIPIO,35017,ES704,ES704A0,ES704A02,22652,32.8,11902,10750,90.32,21493,1159,5.12,4276,16855,1521,895,492,134,18.88,74.41,6.71,34.39,9.02,25.37,35.57,281.13,8.81,32.35,29077.1,77.9,3.99,749,838,1716,1274,656,5233,15530,5480,1642,68.56,24.19,7.25
2002-01-01,MUNICIPIO,35018,ES708,ES708A0,ES708A01,15910,32.5,8220,7690,93.55,13990,1920,12.07,3000,12032,878,539,244,95,18.86,75.63,5.52,32.23,7.3,24.93,29.27,341.69,10.82,27.79,4076.11,390.32,47.1,605,578,1251,763,391,3588,9024,4577,2309,56.72,28.77,14.51
2002-01-01,MUNICIPIO,35019,ES705,ES705A3,ES705A31,42403,35.8,22066,20337,92.16,33024,9379,22.12,6588,32549,3266,2200,829,237,15.54,76.76,7.7,30.27,10.03,20.24,49.57,201.71,7.26,25.38,33241.9,127.56,28.21,626,1212,3064,2204,1134,8240,26972,5116,10315,63.61,12.07,24.33
2002-01-01,MUNICIPIO,35020,ES705,ES705A2,ES705A23,8063,37.7,4073,3990,97.96,7927,136,1.69,1349,5498,1216,780,329,107,16.73,68.19,15.08,46.65,22.12,24.54,90.14,110.94,8.8,27.06,12370.8,65.18,1.1,237,224,582,400,201,1644,7760,138,165,96.24,1.71,2.05
2002-01-01,MUNICIPIO,35021,ES705,ES705A1,ES705A10,18729,36.6,9376,9353,99.75,17918,811,4.33,3150,13543,2036,1266,556,214,16.82,72.31,10.87,38.29,15.03,23.26,64.63,154.72,10.51,27.31,2383.19,785.88,34.03,532,567,1335,967,462,3863,16356,1282,1091,87.33,6.84,5.83
2002-01-01,MUNICIPIO,35022,ES705,ES705A3,ES705A32,49902,32.4,25561,24341,95.23,45259,4643,9.3,10213,36232,3457,2282,910,265,20.47,72.61,6.93,37.73,9.54,28.19,33.85,295.43,7.67,26.32,6252.83,798.07,74.25,2036,1981,4089,2793,1269,12168,41391,3337,5174,82.94,6.69,10.37
2002-01-01,MUNICIPIO,35023,ES705,ES705A2,ES705A22,14171,38.5,7072,7099,100.38,14072,99,0.7,2236,9764,2171,1327,617,227,15.78,68.9,15.32,45.14,22.23,22.9,97.09,102.99,10.46,28.42,4261.82,332.51,2.32,350,372,994,696,338,2750,13658,320,193,96.38,2.26,1.36
2002-01-01,MUNICIPIO,35024,ES708,ES708A0,ES708A02,13714,35.2,7070,6644,93.97,11683,2031,14.81,2412,10087,1215,758,328,129,17.59,73.55,8.86,35.96,12.05,23.91,50.37,198.52,10.62,27,22400.6,61.22,9.07,438,449,992,674,318,2871,9282,2226,2206,67.68,16.23,16.09
2002-01-01,MUNICIPIO,35025,ES705,ES705A2,ES705A23,2402,44.2,1227,1175,95.76,2391,11,0.46,210,1711,481,269,132,80,8.74,71.23,20.02,40.39,28.11,12.27,229.05,43.66,16.63,27.44,10386.3,23.13,0.11,7,28,97,104,46,282,2320,66,16,96.59,2.75,0.67
2002-01-01,MUNICIPIO,35026,ES705,ES705A1,ES705A10,91160,34.5,45800,45360,99.04,89369,1791,1.96,16605,66161,8394,5390,2275,729,18.22,72.58,9.21,37.79,12.69,25.1,50.55,197.82,8.68,27.1,10033.1,908.59,17.85,3203,3075,6576,5057,2585,20496,83735,4743,2682,91.85,5.2,2.94
2002-01-01,MUNICIPIO,35027,ES705,ES705A2,ES705A21,12296,38.2,6208,6088,98.07,12169,127,1.03,1952,8555,1789,1159,459,171,15.88,69.58,14.55,43.73,20.91,22.82,91.65,109.11,9.56,25.66,2580.73,476.45,4.92,363,358,815,535,260,2331,11742,247,307,95.49,2.01,2.5
2002-01-01,MUNICIPIO,35028,ES708,ES708A0,ES708A01,15230,34.6,7897,7333,92.86,10561,4669,30.66,2602,11604,1024,673,261,90,17.08,76.19,6.72,31.25,8.82,22.42,39.35,254.1,8.79,25.49,6432.05,236.78,72.59,546,533,1015,680,324,3098,7022,3336,4872,46.11,21.9,31.99
2002-01-01,MUNICIPIO,35029,ES708,ES708A0,ES708A03,4964,34.7,2627,2337,88.96,4442,522,10.52,854,3659,451,281,113,57,17.2,73.71,9.09,35.67,12.33,23.34,52.81,189.36,12.64,25.06,13577.9,36.56,3.84,181,158,351,210,129,1029,3846,530,588,77.48,10.68,11.85
2002-01-01,MUNICIPIO,35030,ES704,ES704A0,ES704A03,11016,32.9,5887,5129,87.12,10050,966,8.77,2124,8043,849,535,232,82,19.28,73.01,7.71,36.96,10.56,26.41,39.97,250.18,9.66,27.33,27629.8,39.87,3.5,423,420,847,572,271,2533,7544,2363,1109,68.48,21.45,10.07
2002-01-01,MUNICIPIO,35031,ES705,ES705A2,ES705A21,8311,35,4261,4050,95.05,8091,220,2.65,1570,5923,818,512,241,65,18.89,71.27,9.84,40.32,13.81,26.51,52.1,191.93,7.95,29.46,3880.13,214.19,5.67,295,284,637,459,220,1895,7808,221,282,93.95,2.66,3.39
2002-01-01,MUNICIPIO,35032,ES705,ES705A2,ES705A21,4030,40.8,2097,1933,92.18,3991,39,0.97,537,2798,695,441,187,67,13.33,69.43,17.25,44.03,24.84,19.19,129.42,77.27,9.64,26.91,2212.89,182.11,1.76,94,83,215,184,93,669,3853,72,105,95.61,1.79,2.61
2002-01-01,MUNICIPIO,35033,ES705,ES705A2,ES705A21,7575,37.7,3963,3612,91.14,7499,76,1,1377,5142,1056,613,329,114,18.18,67.88,13.94,47.32,20.54,26.78,76.69,130.4,10.8,31.16,3821.39,198.23,1.99,213,225,719,307,139,1603,7299,151,125,96.36,1.99,1.65
2002-01-01,MUNICIPIO,35034,ES708,ES708A0,ES708A03,7320,34.3,4173,3147,75.41,5681,1639,22.39,921,5966,433,304,95,34,12.58,81.5,5.92,22.7,7.26,15.44,47.01,212.7,7.85,21.94,21209.4,34.51,7.73,177,179,348,272,113,1089,2793,2754,1773,38.16,37.62,24.22
2002-01-01,MUNICIPIO,38001,ES709,ES709A3,ES709A32,25341,34.2,13271,12070,90.95,17568,7773,30.67,4184,19487,1670,1077,449,144,16.51,76.9,6.59,30.04,8.57,21.47,39.91,250.54,8.62,26.89,10595.2,239.17,73.36,724,845,1786,1102,529,4986,11489,5062,8790,45.34,19.98,34.69
2002-01-01,MUNICIPIO,38002,ES706,ES706A0,ES706A01,1136,46.2,563,573,101.78,1088,48,4.23,126,698,312,186,84,42,11.09,61.44,27.46,62.75,44.7,18.05,247.62,40.38,13.46,26.92,2500.41,45.43,1.92,20,17,61,33,22,153,1042,21,73,91.73,1.85,6.43
2002-01-01,MUNICIPIO,38003,ES706,ES706A0,ES706A02,1533,40.3,823,710,86.27,1424,109,7.11,191,1073,269,155,78,36,12.46,69.99,17.55,42.87,25.07,17.8,140.84,71,13.38,29,4960.68,30.9,2.2,32,50,68,58,20,228,1303,87,143,85,5.68,9.33
2002-01-01,MUNICIPIO,38004,ES709,ES709A3,ES709A33,5156,40.7,2475,2681,108.32,5068,88,1.71,740,3483,933,533,284,116,14.35,67.55,18.1,48.03,26.79,21.25,126.08,79.31,12.43,30.44,3436.18,150.05,2.56,131,141,299,227,111,909,4694,189,273,91.04,3.67,5.29
2002-01-01,MUNICIPIO,38005,ES709,ES709A3,ES709A31,6653,39.5,3420,3233,94.53,5930,723,10.87,1014,4593,1046,629,317,100,15.24,69.04,15.72,44.85,22.77,22.08,103.16,96.94,9.56,30.31,17893.4,37.18,4.04,203,161,434,273,146,1217,5551,250,852,83.44,3.76,12.81
2002-01-01,MUNICIPIO,38006,ES709,ES709A3,ES709A32,52572,34.2,27211,25361,93.2,38682,13890,26.42,9062,39871,3639,2460,917,262,17.24,75.84,6.92,31.86,9.13,22.73,40.16,249.02,7.2,25.2,8159.85,644.28,170.22,1810,1747,3630,2459,1147,10793,25975,10791,15806,49.41,20.53,30.07
2002-01-01,MUNICIPIO,38007,ES707,ES707A0,ES707A02,2378,44.8,1212,1166,96.2,2280,98,4.12,218,1571,589,309,204,76,9.17,66.06,24.77,51.37,37.49,13.88,270.18,37.01,12.9,34.63,4349.52,54.67,2.25,24,28,100,102,55,309,2080,27,271,87.47,1.14,11.4
2002-01-01,MUNICIPIO,38008,ES707,ES707A0,ES707A01,6396,38.3,3165,3231,102.09,5838,558,8.72,1014,4442,940,576,267,97,15.85,69.45,14.7,43.99,21.16,22.83,92.7,107.87,10.32,28.4,3089.34,207.03,18.06,202,181,414,289,154,1240,5251,296,849,82.1,4.63,13.27
2002-01-01,MUNICIPIO,38009,ES707,ES707A0,ES707A01,4113,38.4,2082,2031,97.55,3786,327,7.95,606,2942,565,329,152,84,14.73,71.53,13.74,39.8,19.2,20.6,93.23,107.26,14.87,26.9,1415.88,290.49,23.1,99,119,254,188,90,750,3176,390,547,77.22,9.48,13.3
2002-01-01,MUNICIPIO,38010,ES709,ES709A2,ES709A22,5413,40.4,2773,2640,95.2,5161,252,4.66,756,3714,943,566,279,98,13.97,68.61,17.42,45.75,25.39,20.36,124.74,80.17,10.39,29.59,6636.41,81.57,3.8,147,115,301,258,132,953,4767,95,551,88.07,1.76,10.18
2002-01-01,MUNICIPIO,38011,ES709,ES709A3,ES709A33,15980,37.5,8005,7975,99.63,15110,870,5.44,2482,11571,1927,1268,501,158,15.53,72.41,12.06,38.1,16.65,21.45,77.64,128.8,8.2,26,4948.05,322.96,17.58,401,425,1109,756,382,3073,12336,2107,1537,77.2,13.19,9.62
2002-01-01,MUNICIPIO,38012,ES709,ES709A3,ES709A31,2590,44.6,1319,1271,96.36,2549,41,1.58,272,1696,622,336,224,62,10.5,65.48,24.02,52.71,36.67,16.04,228.68,43.73,9.97,36.01,4524.91,57.24,0.91,61,51,105,68,50,335,2407,67,116,92.93,2.59,4.48
2002-01-01,MUNICIPIO,38013,ES703,ES703A0,ES703A00,5359,42.3,2727,2632,96.52,4587,772,14.41,719,3586,1054,574,323,157,13.42,66.92,19.67,49.44,29.39,20.05,146.59,68.22,14.9,30.65,16428.9,32.62,4.7,129,105,329,216,107,886,3778,267,1314,70.5,4.98,24.52
2002-01-01,MUNICIPIO,38014,ES707,ES707A0,ES707A04,1801,43.1,924,877,94.91,1746,55,3.05,229,1171,401,185,161,55,12.72,65.02,22.27,53.8,34.24,19.56,175.11,57.11,13.72,40.15,5590.02,32.22,0.98,33,41,102,71,38,285,1641,39,121,91.12,2.17,6.72
2002-01-01,MUNICIPIO,38015,ES709,ES709A2,ES709A22,5742,40.9,2839,2903,102.25,5348,394,6.86,758,3983,1001,605,284,112,13.2,69.37,17.43,44.16,25.13,19.03,132.06,75.72,11.19,28.37,2743.2,209.32,14.36,129,136,301,265,118,949,4858,153,731,84.6,2.66,12.73
2002-01-01,MUNICIPIO,38016,ES707,ES707A0,ES707A03,2002,46.1,1033,969,93.8,1753,249,12.44,234,1226,542,281,177,84,11.69,61.24,27.07,63.3,44.21,19.09,231.62,43.17,15.5,32.66,10258.4,19.52,2.43,24,49,95,81,46,295,1630,76,296,81.42,3.8,14.79
2002-01-01,MUNICIPIO,38017,ES709,ES709A3,ES709A31,27244,34.5,14015,13229,94.39,22501,4743,17.41,4673,20223,2348,1485,616,247,17.15,74.23,8.62,34.72,11.61,23.11,50.25,199.02,10.52,26.24,16250.4,167.65,29.19,774,945,1925,1377,693,5714,18203,3967,5074,66.81,14.56,18.62
2002-01-01,MUNICIPIO,38018,ES709,ES709A2,ES709A23,5294,39.7,2611,2683,102.76,5161,133,2.51,715,3749,830,500,243,87,13.51,70.82,15.68,41.21,22.14,19.07,116.08,86.14,10.48,29.28,2380.47,222.39,5.59,107,111,301,271,126,916,4971,44,279,93.9,0.83,5.27
2002-01-01,MUNICIPIO,38019,ES709,ES709A3,ES709A32,16320,35.4,8205,8115,98.9,14498,1822,11.16,2953,11664,1703,1054,493,156,18.09,71.47,10.44,39.92,14.6,25.32,57.67,173.4,9.16,28.95,14410.2,113.25,12.64,594,472,1223,877,427,3593,12971,982,2367,79.48,6.02,14.5
2002-01-01,MUNICIPIO,38020,ES709,ES709A3,ES709A33,15920,39.3,7864,8056,102.44,15360,560,3.52,2264,11136,2520,1507,757,256,14.22,69.95,15.83,42.96,22.63,20.33,111.31,89.84,10.16,30.04,10288.8,154.73,5.44,321,451,956,721,398,2847,14185,648,1087,89.1,4.07,6.83
2002-01-01,MUNICIPIO,38021,ES706,ES706A0,ES706A01,2151,44.3,1094,1057,96.62,2019,132,6.14,225,1436,490,261,167,62,10.46,66.76,22.78,49.79,34.12,15.67,217.78,45.92,12.65,34.08,3915.87,54.93,3.37,44,30,94,69,36,273,1939,57,155,90.14,2.65,7.21
2002-01-01,MUNICIPIO,38022,ES709,ES709A2,ES709A23,21803,38.4,10787,11016,102.12,20956,847,3.88,3231,15534,3038,1894,893,251,14.82,71.25,13.93,40.36,19.56,20.8,94.03,106.35,8.26,29.39,9585.8,227.45,8.84,318,591,1462,1178,625,4174,19596,356,1851,89.88,1.63,8.49
2002-01-01,MUNICIPIO,38023,ES709,ES709A1,ES709A10,135004,37.3,66470,68534,103.11,131287,3717,2.75,19673,99472,15859,9906,4464,1489,14.57,73.68,11.75,35.72,15.94,19.78,80.61,124.05,9.39,28.15,10245.2,1317.73,36.28,2163,3533,8900,6809,3604,25009,119338,8240,7426,88.4,6.1,5.5
2002-01-01,MUNICIPIO,38024,ES707,ES707A0,ES707A04,20238,38.6,10019,10219,102,18110,2128,10.51,3247,13905,3086,1756,963,367,16.04,68.71,15.25,45.54,22.19,23.35,95.04,105.22,11.89,31.21,3560.43,568.41,59.77,499,603,1424,938,474,3938,15926,1055,3257,78.69,5.21,16.09
2002-01-01,MUNICIPIO,38025,ES709,ES709A2,ES709A21,7378,37.6,3756,3622,96.43,6928,450,6.1,1198,5187,993,621,264,108,16.24,70.3,13.46,42.24,19.14,23.1,82.89,120.64,10.88,26.59,1405.07,525.1,32.03,214,218,472,399,207,1510,6635,144,599,89.93,1.95,8.12
2002-01-01,MUNICIPIO,38026,ES709,ES709A2,ES709A24,39095,36.8,19379,19716,101.74,37571,1524,3.9,6558,27767,4770,2977,1323,470,16.77,71.02,12.2,40.8,17.18,23.62,72.74,137.48,9.85,27.74,20688.7,188.97,7.37,1213,1231,2665,1924,1087,8120,35321,1347,2427,90.35,3.45,6.21
2002-01-01,MUNICIPIO,38027,ES707,ES707A0,ES707A04,7438,41.1,3780,3658,96.77,6339,1099,14.78,1062,5032,1344,725,450,169,14.28,67.65,18.07,47.81,26.71,21.1,126.55,79.02,12.57,33.48,13594,54.72,8.08,172,202,443,336,162,1315,5795,211,1432,77.91,2.84,19.25
2002-01-01,MUNICIPIO,38028,ES709,ES709A2,ES709A24,30466,41.5,14703,15763,107.21,24944,5522,18.13,3786,21224,5456,3219,1717,520,12.43,69.66,17.91,43.55,25.71,17.84,144.11,69.39,9.53,31.47,882.59,3451.89,625.66,512,710,1574,1308,704,4808,20698,3307,6461,67.94,10.85,21.21
2002-01-01,MUNICIPIO,38029,ES707,ES707A0,ES707A03,1823,42.1,900,923,102.56,1661,162,8.89,220,1254,349,161,142,46,12.07,68.79,19.14,45.37,27.83,17.54,158.64,63.04,13.18,40.69,3080.58,59.18,5.26,33,18,102,89,41,283,1326,32,465,72.74,1.76,25.51
2002-01-01,MUNICIPIO,38030,ES707,ES707A0,ES707A02,2308,43.2,1140,1168,102.46,2144,164,7.11,279,1535,494,260,162,72,12.09,66.51,21.4,50.36,32.18,18.18,177.06,56.48,14.57,32.79,3505.04,65.85,4.68,70,55,94,85,52,356,1988,67,253,86.14,2.9,10.96
2002-01-01,MUNICIPIO,38031,ES709,ES709A2,ES709A24,35299,36.9,17492,17807,101.8,32886,2413,6.84,6008,24954,4337,2753,1212,372,17.02,70.69,12.29,41.46,17.38,24.08,72.19,138.53,8.58,27.95,5646.81,625.11,42.73,1069,1081,2509,1765,965,7389,30701,1004,3594,86.97,2.84,10.18
2002-01-01,MUNICIPIO,38032,ES709,ES709A1,ES709A10,13718,35.6,6978,6740,96.59,13113,605,4.41,2465,10003,1250,833,313,104,17.97,72.92,9.11,37.14,12.5,24.64,50.71,197.2,8.32,25.04,3931.15,348.96,15.39,483,446,1002,670,344,2945,10582,1943,1193,77.14,14.16,8.7
2002-01-01,MUNICIPIO,38033,ES707,ES707A0,ES707A02,5226,42.9,2658,2568,96.61,5145,81,1.55,574,3581,1071,610,313,148,10.98,68.52,20.49,45.94,29.91,16.03,186.59,53.59,13.82,29.23,4287.29,121.9,1.89,86,99,232,210,109,736,4692,178,356,89.78,3.41,6.81
2002-01-01,MUNICIPIO,38034,ES709,ES709A2,ES709A23,4938,38.4,2472,2466,99.76,4725,213,4.31,723,3511,704,437,191,76,14.64,71.1,14.26,40.64,20.05,20.59,97.37,102.7,10.8,27.13,2060.52,239.65,10.34,129,116,311,240,139,935,4489,80,369,90.91,1.62,7.47
2002-01-01,MUNICIPIO,38035,ES709,ES709A3,ES709A31,9174,35.1,4650,4524,97.29,7146,2028,22.11,1694,6644,836,526,223,87,18.47,72.42,9.11,38.08,12.58,25.5,49.35,202.63,10.41,26.67,4203.66,218.24,48.24,313,347,683,479,219,2041,6090,786,2298,66.38,8.57,25.05
2002-01-01,MUNICIPIO,38036,ES706,ES706A0,ES706A02,7138,37.4,3629,3509,96.69,6862,276,3.87,1162,5056,920,542,265,113,16.28,70.83,12.89,41.18,18.2,22.98,79.17,126.3,12.28,28.8,11313.4,63.09,2.44,176,209,507,369,165,1426,6214,509,415,87.06,7.13,5.81
2002-01-01,MUNICIPIO,38037,ES707,ES707A0,ES707A01,18228,38.9,8926,9302,104.21,17655,573,3.14,2725,12661,2842,1523,925,394,14.95,69.46,15.59,43.97,22.45,21.52,104.29,95.88,13.86,32.55,4341.21,419.88,13.2,466,508,1160,802,438,3374,15534,1455,1239,85.22,7.98,6.8
2002-01-01,MUNICIPIO,38038,ES709,ES709A1,ES709A10,217415,38.5,104841,112574,107.38,210326,7089,3.26,32030,155088,30297,17764,9215,3318,14.73,71.33,13.94,40.19,19.54,20.65,94.59,105.72,10.95,30.42,15044,1445.19,47.12,4991,5451,13703,10577,5682,40404,179854,23384,14177,82.72,10.76,6.52
2002-01-01,MUNICIPIO,38039,ES709,ES709A2,ES709A21,11571,36.7,5821,5750,98.78,10388,1183,10.22,1976,8237,1358,851,393,114,17.08,71.19,11.74,40.48,16.49,23.99,68.72,145.51,8.39,28.94,2237.31,517.18,52.88,372,384,771,592,303,2422,9467,540,1564,81.82,4.67,13.52
2002-01-01,MUNICIPIO,38040,ES709,ES709A3,ES709A32,10113,43.3,5120,4993,97.52,5599,4514,44.64,1296,6875,1942,1252,546,144,12.82,67.98,19.2,47.1,28.25,18.85,149.85,66.74,7.42,28.12,5198.76,194.53,86.83,256,251,491,384,161,1543,4890,460,4763,48.35,4.55,47.1
2002-01-01,MUNICIPIO,38041,ES709,ES709A2,ES709A21,8006,38.3,4007,3999,99.8,7243,763,9.53,1287,5572,1147,674,365,108,16.08,69.6,14.33,43.68,20.59,23.1,89.12,112.21,9.42,31.82,1820.11,439.86,41.92,224,243,540,386,201,1594,6754,346,906,84.36,4.32,11.32
2002-01-01,MUNICIPIO,38042,ES709,ES709A2,ES709A22,5426,42.5,2687,2739,101.94,4822,604,11.13,665,3625,1136,707,307,122,12.26,66.81,20.94,49.68,31.34,18.34,170.83,58.54,10.74,27.02,2449.68,221.5,24.66,119,136,260,207,116,838,4544,101,781,83.74,1.86,14.39
2002-01-01,MUNICIPIO,38043,ES709,ES709A2,ES709A21,21442,37.1,10745,10697,99.55,20770,672,3.13,3465,15367,2610,1621,745,244,16.16,71.67,12.17,39.53,16.98,22.55,75.32,132.76,9.35,28.54,2999.64,714.82,22.4,651,646,1420,1018,533,4268,19484,824,1134,90.87,3.84,5.29
2002-01-01,MUNICIPIO,38044,ES709,ES709A2,ES709A22,3254,39.7,1647,1607,97.57,3084,170,5.22,485,2229,540,349,136,55,14.9,68.5,16.59,45.98,24.23,21.76,111.34,89.81,10.19,25.19,2606.48,124.84,6.52,77,73,209,165,80,604,2791,47,416,85.77,1.44,12.78
2002-01-01,MUNICIPIO,38045,ES707,ES707A0,ES707A04,6108,42.5,3082,3026,98.18,5525,583,9.54,689,4207,1212,674,377,161,11.28,68.88,19.84,45.19,28.81,16.38,175.91,56.85,13.28,31.11,1156.38,528.2,50.42,115,78,318,248,124,883,4892,244,972,80.09,3.99,15.91
2002-01-01,MUNICIPIO,38046,ES709,ES709A1,ES709A10,9816,37,4887,4929,100.86,9689,127,1.29,1636,7020,1160,723,312,125,16.67,71.52,11.82,39.83,16.52,23.3,70.9,141.03,10.78,26.9,2644.48,371.19,4.8,299,271,687,507,238,2002,9023,387,406,91.92,3.94,4.14
2002-01-01,MUNICIPIO,38047,ES707,ES707A0,ES707A03,2765,41.8,1410,1355,96.1,2402,363,13.13,390,1830,545,311,174,60,14.1,66.18,19.71,51.09,29.78,21.31,139.74,71.56,11.01,31.93,5354.89,51.64,6.78,73,76,171,105,57,482,2233,96,436,80.76,3.47,15.77
2002-01-01,MUNICIPIO,38048,ES703,ES703A0,ES703A00,4643,40.9,2348,2295,97.74,4311,332,7.15,685,3061,897,480,295,122,14.75,65.93,19.32,51.68,29.3,22.38,130.95,76.37,13.6,32.89,10368.5,44.78,3.2,134,132,281,190,99,836,3666,380,597,78.96,8.18,12.86
2002-01-01,MUNICIPIO,38049,ES706,ES706A0,ES706A02,4228,41.3,2148,2080,96.83,3271,957,22.63,489,3040,699,423,194,82,11.57,71.9,16.53,39.08,22.99,16.09,142.94,69.96,11.73,27.75,3220.82,131.27,29.71,61,102,216,154,80,613,2953,118,1157,69.84,2.79,27.37
2002-01-01,MUNICIPIO,38050,ES706,ES706A0,ES706A01,2912,46.3,1486,1426,95.96,2791,121,4.16,319,1736,857,459,269,129,10.95,59.62,29.43,67.74,49.37,18.38,268.65,37.22,15.05,31.39,10854.2,26.83,1.11,53,49,138,103,70,413,2656,45,211,91.21,1.55,7.25
2002-01-01,MUNICIPIO,38051,ES709,ES709A2,ES709A21,8152,37.7,4056,4096,100.99,7892,260,3.19,1314,5745,1093,712,300,81,16.12,70.47,13.41,41.9,19.03,22.87,83.18,120.22,7.41,27.45,1808.63,450.73,14.38,216,235,548,423,225,1647,7599,114,439,93.22,1.4,5.39
2002-01-01,MUNICIPIO,38052,ES709,ES709A3,ES709A31,1776,40.6,900,876,97.33,1636,140,7.88,281,1164,331,163,119,49,15.82,65.54,18.64,52.58,28.44,24.14,117.79,84.89,14.8,35.95,5627.11,31.56,2.49,47,54,117,79,44,341,1510,66,200,85.02,3.72,11.26
2002-01-01,MUNICIPIO,38053,ES707,ES707A0,ES707A01,4723,42,2378,2345,98.61,4386,337,7.14,721,3028,974,484,331,159,15.27,64.11,20.62,55.98,32.17,23.81,135.09,74.02,16.32,33.98,7067.2,66.83,4.77,103,131,324,213,100,871,3959,135,629,83.82,2.86,13.32
2003-01-01,MUNICIPIO,35001,ES705,ES705A2,ES705A22,5635,40.3,2879,2756,95.73,5269,366,6.5,807,3872,956,567,284,105,14.32,68.71,16.97,45.53,24.69,20.84,118.46,84.41,10.98,29.71,4451.16,126.6,8.22,160,113,338,257,131,999,5018,218,399,89.05,3.87,7.08
2003-01-01,MUNICIPIO,35002,ES705,ES705A3,ES705A32,23572,33.9,12178,11394,93.56,21864,1708,7.25,4459,17221,1892,1264,493,135,18.92,73.06,8.03,36.88,10.99,25.89,42.43,235.68,7.14,26.06,7889.72,298.77,21.65,898,860,1755,1203,619,5335,20274,1302,1996,86.01,5.52,8.47
2003-01-01,MUNICIPIO,35003,ES704,ES704A0,ES704A01,6587,33.5,3740,2847,76.12,4968,1619,24.58,1057,5141,389,239,117,33,16.05,78.05,5.91,28.13,7.57,20.56,36.8,271.72,8.48,30.08,25024.8,26.32,6.47,216,208,415,282,110,1231,3299,1528,1760,50.08,23.2,26.72
2003-01-01,MUNICIPIO,35004,ES708,ES708A0,ES708A01,50785,33.6,25923,24862,95.91,42939,7846,15.45,9092,38012,3681,2215,1092,374,17.9,74.85,7.25,33.6,9.68,23.92,40.49,247,10.16,29.67,2427.54,2092.04,323.21,1934,1695,3608,2505,1380,11122,33578,8673,8534,66.12,17.08,16.8
2003-01-01,MUNICIPIO,35005,ES705,ES705A2,ES705A23,1357,42.1,702,655,93.3,1348,9,0.66,130,970,257,158,81,18,9.58,71.48,18.94,39.9,26.49,13.4,197.69,50.58,7,31.52,6641.9,20.43,0.14,11,21,59,57,27,175,1298,35,24,95.65,2.58,1.77
2003-01-01,MUNICIPIO,35006,ES705,ES705A1,ES705A10,33449,37.1,16803,16646,99.07,33028,421,1.26,5683,23623,4143,2646,1163,334,16.99,70.62,12.39,41.6,17.54,24.06,72.9,137.17,8.06,28.07,3283.87,1018.58,12.82,1116,1083,2298,1588,789,6874,31592,1052,805,94.45,3.15,2.41
2003-01-01,MUNICIPIO,35007,ES704,ES704A0,ES704A01,721,41,361,360,99.72,648,73,10.12,105,485,131,63,47,21,14.56,67.27,18.17,48.66,27.01,21.65,124.76,80.15,16.03,35.88,10370.9,6.95,0.7,10,17,49,33,16,125,619,25,77,85.85,3.47,10.68
2003-01-01,MUNICIPIO,35008,ES705,ES705A2,ES705A21,7023,38,3580,3443,96.17,6956,67,0.95,1154,4932,937,594,245,98,16.43,70.23,13.34,42.4,19,23.4,81.2,123.16,10.46,26.15,1602.78,438.18,4.18,218,206,454,360,156,1394,6724,171,128,95.74,2.43,1.82
2003-01-01,MUNICIPIO,35009,ES705,ES705A2,ES705A22,22763,37.9,11425,11338,99.24,22562,201,0.88,3606,15995,3162,2029,824,309,15.84,70.27,13.89,42.31,19.77,22.54,87.69,114.04,9.77,26.06,6254.51,363.95,3.21,554,569,1603,1152,546,4424,22055,393,315,96.89,1.73,1.38
2003-01-01,MUNICIPIO,35010,ES708,ES708A0,ES708A02,4741,39.8,2441,2300,94.22,4011,730,15.4,736,3261,744,440,206,98,15.52,68.78,15.69,45.38,22.82,22.57,101.09,98.92,13.17,27.69,14565.3,32.55,5.01,132,157,297,200,79,865,3511,454,776,74.06,9.58,16.37
2003-01-01,MUNICIPIO,35011,ES705,ES705A3,ES705A32,26433,34.8,13444,12989,96.62,25502,931,3.52,4753,19253,2427,1590,640,197,17.98,72.84,9.18,37.29,12.61,24.69,51.06,195.84,8.12,26.37,3908.81,676.24,23.82,892,856,1894,1480,728,5850,24540,767,1126,92.84,2.9,4.26
2003-01-01,MUNICIPIO,35012,ES705,ES705A3,ES705A31,15932,36.1,8498,7434,87.48,11096,4836,30.35,2666,11800,1466,981,370,115,16.73,74.06,9.2,35.02,12.42,22.59,54.99,181.86,7.84,25.24,17142,92.94,28.21,444,536,1117,771,368,3236,9426,1469,5037,59.16,9.22,31.62
2003-01-01,MUNICIPIO,35013,ES705,ES705A2,ES705A22,8307,41.2,4194,4113,98.07,8262,45,0.54,1009,5848,1450,886,414,150,12.15,70.4,17.46,42.05,24.79,17.25,143.71,69.59,10.34,28.55,3220.46,257.94,1.4,33,143,549,392,196,1313,8048,151,108,96.88,1.82,1.3
2003-01-01,MUNICIPIO,35014,ES704,ES704A0,ES704A02,14042,33.2,7548,6494,86.04,10408,3634,25.88,2395,10836,811,529,212,70,17.06,77.17,5.78,29.59,7.48,22.1,33.86,295.31,8.63,26.14,35533.4,39.52,10.23,505,454,950,617,317,2843,6458,3642,3942,45.99,25.94,28.07
2003-01-01,MUNICIPIO,35015,ES704,ES704A0,ES704A03,16279,32.6,9319,6960,74.69,11988,4291,26.36,2328,13325,626,436,144,46,14.3,81.85,3.85,22.17,4.7,17.47,26.89,371.88,7.35,23,38493.8,42.29,11.15,508,489,869,597,276,2739,6126,5511,4642,37.63,33.85,28.52
2003-01-01,MUNICIPIO,35016,ES705,ES705A1,ES705A10,377600,38,185188,192412,103.9,353722,23878,6.32,57325,270800,49475,30084,14792,4599,15.18,71.72,13.1,39.44,18.27,21.17,86.31,115.87,9.3,29.9,10331.6,3654.81,231.12,11412,10970,22234,17256,9371,71243,308499,37251,31850,81.7,9.87,8.43
2003-01-01,MUNICIPIO,35017,ES704,ES704A0,ES704A02,26093,32.6,13646,12447,91.21,23428,2665,10.21,4935,19565,1593,922,525,146,18.91,74.98,6.11,33.37,8.14,25.22,32.28,309.79,9.17,32.96,29077.1,89.74,9.17,892,1051,1928,1413,667,5951,16261,6586,3246,62.32,25.24,12.44
2003-01-01,MUNICIPIO,35018,ES708,ES708A0,ES708A01,16481,32.7,8533,7948,93.14,14005,2476,15.02,3153,12419,909,564,248,97,19.13,75.35,5.52,32.71,7.32,25.39,28.83,346.86,10.67,27.28,4076.11,404.33,60.74,703,607,1255,765,385,3715,9270,4361,2850,56.25,26.46,17.29
2003-01-01,MUNICIPIO,35019,ES705,ES705A3,ES705A31,45559,35.7,23724,21835,92.04,34145,11414,25.05,7403,34554,3602,2436,912,254,16.25,75.84,7.91,31.85,10.42,21.42,48.66,205.52,7.05,25.32,33241.9,137.05,34.34,1331,1259,3143,2275,1124,9132,28112,5027,12420,61.7,11.03,27.26
2003-01-01,MUNICIPIO,35020,ES705,ES705A2,ES705A23,8089,37.8,4091,3998,97.73,7906,183,2.26,1376,5484,1229,793,326,110,17.01,67.8,15.19,47.5,22.41,25.09,89.32,111.96,8.95,26.53,12370.8,65.39,1.48,257,229,556,428,193,1663,7748,132,209,95.78,1.63,2.58
2003-01-01,MUNICIPIO,35021,ES705,ES705A1,ES705A10,18817,37,9412,9405,99.93,17948,869,4.62,3142,13600,2075,1287,577,211,16.7,72.28,11.03,38.36,15.26,23.1,66.04,151.42,10.17,27.81,2383.19,789.57,36.46,521,579,1302,968,455,3825,16414,1239,1164,87.23,6.58,6.19
2003-01-01,MUNICIPIO,35022,ES705,ES705A3,ES705A32,52684,32.7,27010,25674,95.05,46310,6374,12.1,10601,38480,3603,2340,986,277,20.12,73.04,6.84,36.91,9.36,27.55,33.99,294.23,7.69,27.37,6252.83,842.56,101.94,2169,2081,4167,2907,1344,12668,42331,3356,6997,80.35,6.37,13.28
2003-01-01,MUNICIPIO,35023,ES705,ES705A2,ES705A22,14255,38.6,7114,7141,100.38,14107,148,1.04,2317,9711,2227,1356,641,230,16.25,68.12,15.62,46.79,22.93,23.86,96.12,104.04,10.33,28.78,4261.82,334.48,3.47,370,419,968,715,337,2809,13720,293,242,96.25,2.06,1.7
2003-01-01,MUNICIPIO,35024,ES708,ES708A0,ES708A02,14214,35.5,7339,6875,93.68,11791,2423,17.05,2475,10470,1269,806,344,119,17.41,73.66,8.93,35.76,12.12,23.64,51.27,195.04,9.38,27.11,22400.6,63.45,10.82,507,457,997,705,299,2965,9394,2238,2582,66.09,15.75,18.17
2003-01-01,MUNICIPIO,35025,ES705,ES705A2,ES705A23,2351,44.7,1229,1122,91.29,2320,31,1.32,199,1666,486,280,128,78,8.46,70.86,20.67,41.12,29.17,11.94,244.22,40.95,16.05,26.34,10386.3,22.64,0.3,9,17,86,108,45,265,2247,62,42,95.58,2.64,1.79
2003-01-01,MUNICIPIO,35026,ES705,ES705A1,ES705A10,93942,34.9,47190,46752,99.07,91599,2343,2.49,16920,68144,8878,5659,2398,821,18.01,72.54,9.45,37.86,13.03,24.83,52.47,190.58,9.25,27.01,10033.1,936.32,23.35,3316,3288,6536,5014,2607,20761,85669,4947,3326,91.19,5.27,3.54
2003-01-01,MUNICIPIO,35027,ES705,ES705A2,ES705A21,12104,38.8,6126,5978,97.58,11956,148,1.22,1869,8403,1832,1174,490,168,15.44,69.42,15.14,44.04,21.8,22.24,98.02,102.02,9.17,26.75,2580.73,469.01,5.73,326,341,778,540,252,2237,11552,230,322,95.44,1.9,2.66
2003-01-01,MUNICIPIO,35028,ES708,ES708A0,ES708A01,15636,35.1,8136,7500,92.18,10282,5354,34.24,2621,11922,1093,720,277,96,16.76,76.25,6.99,31.15,9.17,21.98,41.7,239.8,8.78,25.34,6432.05,243.1,83.24,559,542,1017,674,357,3149,7117,3001,5518,45.52,19.19,35.29
2003-01-01,MUNICIPIO,35029,ES708,ES708A0,ES708A03,5066,35.2,2667,2399,89.95,4542,524,10.34,876,3706,484,293,131,60,17.29,73.15,9.55,36.7,13.06,23.64,55.25,180.99,12.4,27.07,13577.9,37.31,3.86,181,172,353,222,117,1045,3967,503,596,78.31,9.93,11.76
2003-01-01,MUNICIPIO,35030,ES704,ES704A0,ES704A03,11261,33.2,5998,5263,87.75,10085,1176,10.44,2188,8191,882,553,248,81,19.43,72.74,7.83,37.48,10.77,26.71,40.31,248.07,9.18,28.12,27629.8,40.76,4.26,417,455,831,603,261,2567,7700,2252,1309,68.38,20,11.62
2003-01-01,MUNICIPIO,35031,ES705,ES705A2,ES705A21,8381,35.4,4277,4104,95.96,8123,258,3.08,1553,5977,851,539,247,65,18.53,71.32,10.15,40.22,14.24,25.98,54.8,182.49,7.64,29.02,3880.13,216,6.65,311,271,620,465,211,1878,7820,236,325,93.31,2.82,3.88
2003-01-01,MUNICIPIO,35032,ES705,ES705A2,ES705A21,4045,41.1,2121,1924,90.71,3998,47,1.16,519,2814,712,448,193,71,12.83,69.57,17.6,43.75,25.3,18.44,137.19,72.89,9.97,27.11,2212.89,182.79,2.12,97,88,204,182,88,659,3860,71,114,95.43,1.76,2.82
2003-01-01,MUNICIPIO,35033,ES705,ES705A2,ES705A21,7610,37.9,3981,3629,91.16,7518,92,1.21,1373,5189,1048,602,333,113,18.04,68.19,13.77,46.66,20.2,26.46,76.33,131.01,10.78,31.77,3821.39,199.14,2.41,219,203,709,329,148,1608,7300,165,145,95.93,2.17,1.91
2003-01-01,MUNICIPIO,35034,ES708,ES708A0,ES708A03,7792,34.9,4426,3366,76.05,5602,2190,28.11,989,6301,502,348,120,34,12.69,80.86,6.44,23.66,7.97,15.7,50.76,197.01,6.77,23.9,21209.4,36.74,10.33,183,213,381,286,123,1186,2866,2609,2317,36.78,33.48,29.74
2003-01-01,MUNICIPIO,38001,ES709,ES709A3,ES709A32,27640,34.8,14524,13116,90.31,17773,9867,35.7,4420,21355,1865,1210,498,157,15.99,77.26,6.75,29.43,8.73,20.7,42.19,237,8.42,26.7,10595.2,260.87,93.13,645,968,1867,1186,574,5240,11700,5016,10924,42.33,18.15,39.52
2003-01-01,MUNICIPIO,38002,ES706,ES706A0,ES706A01,1189,46.8,579,610,105.35,1139,50,4.21,121,737,331,198,94,39,10.18,61.98,27.84,61.33,44.91,16.42,273.55,36.56,11.78,28.4,2500.41,47.55,2,21,22,49,42,18,152,1094,19,76,92.01,1.6,6.39
2003-01-01,MUNICIPIO,38003,ES706,ES706A0,ES706A02,1726,39.6,915,811,88.63,1555,171,9.91,233,1207,286,178,75,33,13.5,69.93,16.57,43,23.7,19.3,122.75,81.47,11.54,26.22,4960.68,34.79,3.45,48,54,87,58,32,279,1400,109,217,81.11,6.32,12.57
2003-01-01,MUNICIPIO,38004,ES709,ES709A3,ES709A33,5122,40.9,2486,2636,106.03,5004,118,2.3,744,3442,936,521,291,124,14.53,67.2,18.27,48.81,27.19,21.62,125.81,79.49,13.25,31.09,3436.18,149.06,3.43,150,150,273,234,93,900,4630,181,311,90.39,3.53,6.07
2003-01-01,MUNICIPIO,38005,ES709,ES709A3,ES709A31,6928,39.5,3590,3338,92.98,6011,917,13.24,1047,4811,1070,654,315,101,15.11,69.44,15.44,44,22.24,21.76,102.2,97.85,9.44,29.44,17893.4,38.72,5.12,226,190,410,306,143,1275,5602,269,1057,80.86,3.88,15.26
2003-01-01,MUNICIPIO,38006,ES709,ES709A3,ES709A32,57445,34.7,29830,27615,92.57,39407,18038,31.4,9583,43707,4155,2825,1031,299,16.68,76.08,7.23,31.43,9.51,21.93,43.36,230.64,7.2,24.81,8159.85,704,221.06,1842,1958,3769,2659,1201,11429,26844,10464,20137,46.73,18.22,35.05
2003-01-01,MUNICIPIO,38007,ES707,ES707A0,ES707A02,2367,44.9,1212,1155,95.3,2267,100,4.22,231,1553,583,305,199,79,9.76,65.61,24.63,52.41,37.54,14.87,252.38,39.62,13.55,34.13,4349.52,54.42,2.3,39,38,86,88,64,315,2061,30,276,87.07,1.27,11.66
2003-01-01,MUNICIPIO,38008,ES707,ES707A0,ES707A01,6665,38.3,3286,3379,102.83,6040,625,9.38,1067,4622,976,584,287,105,16.01,69.35,14.64,44.2,21.12,23.09,91.47,109.32,10.76,29.41,3089.34,215.74,20.23,224,175,443,302,162,1306,5415,305,945,81.25,4.58,14.18
2003-01-01,MUNICIPIO,38009,ES707,ES707A0,ES707A01,4187,38.8,2136,2051,96.02,3814,373,8.91,618,2994,575,333,163,79,14.76,71.51,13.73,39.85,19.21,20.64,93.04,107.48,13.74,28.35,1415.88,295.72,26.34,110,115,260,172,100,757,3198,391,598,76.38,9.34,14.28
2003-01-01,MUNICIPIO,38010,ES709,ES709A2,ES709A22,5453,40.6,2802,2651,94.61,5168,285,5.23,760,3738,955,561,287,107,13.94,68.55,17.51,45.88,25.55,20.33,125.66,79.58,11.2,30.05,6636.41,82.17,4.29,162,135,277,256,127,957,4760,115,578,87.29,2.11,10.6
2003-01-01,MUNICIPIO,38011,ES709,ES709A3,ES709A33,17398,37.1,8704,8694,99.89,16168,1230,7.07,2831,12532,2035,1344,534,157,16.27,72.03,11.7,38.83,16.24,22.59,71.88,139.12,7.71,26.24,4948.05,351.61,24.86,553,475,1204,787,413,3432,13105,2266,2027,75.32,13.02,11.65
2003-01-01,MUNICIPIO,38012,ES709,ES709A3,ES709A31,2641,44.3,1360,1281,94.19,2568,73,2.76,289,1730,622,337,226,59,10.94,65.51,23.55,52.66,35.95,16.71,215.22,46.46,9.49,36.33,4524.91,58.37,1.61,65,51,112,77,36,341,2400,76,165,90.87,2.88,6.25
2003-01-01,MUNICIPIO,38013,ES703,ES703A0,ES703A00,5435,42.3,2758,2677,97.06,4569,866,15.93,727,3646,1062,574,338,150,13.38,67.08,19.54,49.07,29.13,19.94,146.08,68.46,14.12,31.83,16428.9,33.08,5.27,149,106,327,200,114,896,3731,283,1421,68.65,5.21,26.15
2003-01-01,MUNICIPIO,38014,ES707,ES707A0,ES707A04,1857,42.9,966,891,92.24,1774,83,4.47,247,1204,406,183,167,56,13.3,64.84,21.86,54.24,33.72,20.51,164.37,60.84,13.79,41.13,5590.02,33.22,1.48,41,45,108,66,35,295,1640,62,155,88.31,3.34,8.35
2003-01-01,MUNICIPIO,38015,ES709,ES709A2,ES709A22,5756,41.3,2827,2929,103.61,5355,401,6.97,716,4024,1016,596,305,115,12.44,69.91,17.65,43.04,25.25,17.79,141.9,70.47,11.32,30.02,2743.2,209.83,14.62,127,130,282,257,134,930,4872,146,738,84.64,2.54,12.82
2003-01-01,MUNICIPIO,38016,ES707,ES707A0,ES707A03,1998,46.6,1038,960,92.49,1731,267,13.36,221,1229,548,275,188,85,11.06,61.51,27.43,62.57,44.59,17.98,247.96,40.33,15.51,34.31,10258.4,19.48,2.6,26,42,96,83,44,291,1599,73,326,80.03,3.65,16.32
2003-01-01,MUNICIPIO,38017,ES709,ES709A3,ES709A31,28927,34.5,14968,13959,93.26,23080,5847,20.21,5024,21470,2433,1550,648,235,17.37,74.22,8.41,34.73,11.33,23.4,48.43,206.49,9.66,26.63,16250.4,178.01,35.98,927,1032,1949,1492,709,6109,18634,4113,6180,64.42,14.22,21.36
2003-01-01,MUNICIPIO,38018,ES709,ES709A2,ES709A23,5318,40,2610,2708,103.75,5183,135,2.54,726,3736,856,518,257,81,13.65,70.25,16.1,42.34,22.91,19.43,117.91,84.81,9.46,30.02,2380.47,223.4,5.67,121,122,273,269,139,924,4980,45,293,93.64,0.85,5.51
2003-01-01,MUNICIPIO,38019,ES709,ES709A3,ES709A32,17163,35.6,8618,8545,99.15,14736,2427,14.14,3112,12247,1804,1127,523,154,18.13,71.36,10.51,40.14,14.73,25.41,57.97,172.51,8.54,28.99,14410.2,119.1,16.84,647,544,1240,908,438,3777,13139,1000,3024,76.55,5.83,17.62
2003-01-01,MUNICIPIO,38020,ES709,ES709A3,ES709A33,16251,39.5,8062,8189,101.58,15618,633,3.9,2276,11436,2539,1522,775,242,14.01,70.37,15.62,42.1,22.2,19.9,111.56,89.64,9.53,30.52,10288.8,157.95,6.15,292,488,940,741,378,2839,14397,667,1187,88.59,4.1,7.3
2003-01-01,MUNICIPIO,38021,ES706,ES706A0,ES706A01,2167,44.6,1097,1070,97.54,2016,151,6.97,215,1465,487,261,164,62,9.92,67.6,22.47,47.92,33.24,14.68,226.51,44.15,12.73,33.68,3915.87,55.34,3.86,38,40,86,68,30,262,1932,54,181,89.16,2.49,8.35
2003-01-01,MUNICIPIO,38022,ES709,ES709A2,ES709A23,22958,38.3,11386,11572,101.63,21671,1287,5.61,3569,16244,3145,1951,953,241,15.55,70.76,13.7,41.33,19.36,21.97,88.12,113.48,7.66,30.3,9585.8,239.5,13.43,544,654,1463,1194,629,4484,20135,430,2393,87.7,1.87,10.42
2003-01-01,MUNICIPIO,38023,ES709,ES709A1,ES709A10,134744,37.8,66313,68431,103.19,129912,4832,3.59,18658,99995,16091,9999,4630,1462,13.85,74.21,11.94,34.75,16.09,18.66,86.24,115.95,9.09,28.77,10245.2,1315.19,47.16,1682,3506,8547,6677,3542,23954,117812,8166,8766,87.43,6.06,6.51
2003-01-01,MUNICIPIO,38024,ES707,ES707A0,ES707A04,20001,38.8,9896,10105,102.11,17688,2313,11.56,3209,13708,3084,1727,1001,356,16.04,68.54,15.42,45.91,22.5,23.41,96.1,104.05,11.54,32.46,3560.43,561.76,64.96,547,616,1346,965,461,3935,15674,912,3415,78.37,4.56,17.07
2003-01-01,MUNICIPIO,38025,ES709,ES709A2,ES709A21,7490,37.8,3795,3695,97.36,6996,494,6.6,1181,5300,1009,629,280,100,15.77,70.76,13.47,41.32,19.04,22.28,85.44,117.05,9.91,27.75,1405.07,533.07,35.16,221,223,468,367,206,1485,6679,149,662,89.17,1.99,8.84
2003-01-01,MUNICIPIO,38026,ES709,ES709A2,ES709A24,39876,37,19762,20114,101.78,38150,1726,4.33,6763,28212,4901,3027,1412,462,16.96,70.75,12.29,41.34,17.37,23.97,72.47,137.99,9.43,28.81,20688.7,192.74,8.34,1270,1280,2746,1960,1011,8267,35750,1381,2745,89.65,3.46,6.88
2003-01-01,MUNICIPIO,38027,ES707,ES707A0,ES707A04,7544,41.3,3839,3705,96.51,6352,1192,15.8,1054,5140,1350,724,457,169,13.97,68.13,17.9,46.77,26.26,20.51,128.08,78.07,12.52,33.85,13594,55.5,8.77,200,185,438,320,168,1311,5799,223,1522,76.87,2.96,20.17
2003-01-01,MUNICIPIO,38028,ES709,ES709A2,ES709A24,31830,42.5,15360,16470,107.23,25466,6364,19.99,3789,21837,6204,3524,1998,682,11.9,68.61,19.49,45.76,28.41,17.35,163.74,61.07,10.99,32.21,882.59,3606.43,721.06,668,604,1576,1277,644,4769,21144,3325,7361,66.43,10.45,23.13
2003-01-01,MUNICIPIO,38029,ES707,ES707A0,ES707A03,1789,42.6,891,898,100.79,1616,173,9.67,197,1247,345,167,127,51,11.01,69.7,19.28,43.46,27.67,15.8,175.13,57.1,14.78,36.81,3080.58,58.07,5.62,20,27,100,78,40,265,1297,43,449,72.5,2.4,25.1
2003-01-01,MUNICIPIO,38030,ES707,ES707A0,ES707A02,2364,42.7,1169,1195,102.22,2174,190,8.04,303,1563,498,268,160,70,12.82,66.12,21.07,51.25,31.86,19.39,164.36,60.84,14.06,32.13,3505.04,67.45,5.42,82,56,104,78,54,374,2010,68,286,85.03,2.88,12.1
2003-01-01,MUNICIPIO,38031,ES709,ES709A2,ES709A24,35799,37.1,17747,18052,101.72,33146,2653,7.41,6080,25288,4431,2765,1307,359,16.98,70.64,12.38,41.57,17.52,24.04,72.88,137.22,8.1,29.5,5646.81,633.97,46.98,1182,1125,2426,1805,908,7446,30869,1007,3923,86.23,2.81,10.96
2003-01-01,MUNICIPIO,38032,ES709,ES709A1,ES709A10,14862,35.9,7824,7038,89.95,14158,704,4.74,2484,11072,1306,877,326,103,16.71,74.5,8.79,34.23,11.8,22.43,52.58,190.2,7.89,24.96,3931.15,378.06,17.91,517,471,978,705,321,2992,11540,1970,1352,77.65,13.26,9.1
2003-01-01,MUNICIPIO,38033,ES707,ES707A0,ES707A02,5102,43.6,2598,2504,96.38,5003,99,1.94,538,3474,1090,604,331,155,10.54,68.09,21.36,46.86,31.38,15.49,202.6,49.36,14.22,30.37,4287.29,119,2.31,82,103,211,190,114,700,4557,174,371,89.32,3.41,7.27
2003-01-01,MUNICIPIO,38034,ES709,ES709A2,ES709A23,5027,38.6,2508,2519,100.44,4785,242,4.81,742,3565,720,438,207,75,14.76,70.92,14.32,41.01,20.2,20.81,97.04,103.06,10.42,28.75,2060.52,243.97,11.74,136,126,311,225,132,930,4522,86,419,89.95,1.71,8.33
2003-01-01,MUNICIPIO,38035,ES709,ES709A3,ES709A31,9988,35.3,5110,4878,95.46,7414,2574,25.77,1814,7305,869,557,230,82,18.16,73.14,8.7,36.73,11.9,24.83,47.91,208.75,9.44,26.47,4203.66,237.6,61.23,331,408,708,493,246,2186,6272,839,2877,62.8,8.4,28.8
2003-01-01,MUNICIPIO,38036,ES706,ES706A0,ES706A02,6902,37.9,3507,3395,96.81,6646,256,3.71,1128,4851,923,534,281,108,16.34,70.28,13.37,42.28,19.03,23.25,81.83,122.21,11.7,30.44,11313.4,61.01,2.26,188,215,461,347,174,1385,6110,406,386,88.53,5.88,5.59
2003-01-01,MUNICIPIO,38037,ES707,ES707A0,ES707A01,18201,39.2,8953,9248,103.29,17488,713,3.92,2693,12632,2876,1557,948,371,14.8,69.4,15.8,44.09,22.77,21.32,106.8,93.64,12.9,32.96,4341.21,419.26,16.42,454,496,1152,770,420,3292,15393,1423,1385,84.57,7.82,7.61
2003-01-01,MUNICIPIO,38038,ES709,ES709A1,ES709A10,220022,38.7,106075,113947,107.42,210828,9194,4.18,32016,157161,30845,17959,9501,3385,14.55,71.43,14.02,40,19.63,20.37,96.34,103.8,10.97,30.8,15044,1462.52,61.11,5302,5610,13278,10549,5487,40226,180095,23085,16842,81.85,10.49,7.65
2003-01-01,MUNICIPIO,38039,ES709,ES709A2,ES709A21,11959,36.8,6011,5948,98.95,10581,1378,11.52,2041,8538,1380,869,402,109,17.07,71.39,11.54,40.07,16.16,23.9,67.61,147.9,7.9,29.13,2237.31,534.53,61.59,392,420,792,585,313,2502,9605,558,1796,80.32,4.67,15.02
2003-01-01,MUNICIPIO,38040,ES709,ES709A3,ES709A32,10523,43.9,5316,5207,97.95,5600,4923,46.78,1256,7132,2135,1380,599,156,11.94,67.78,20.29,47.55,29.94,17.61,169.98,58.83,7.31,28.06,5198.76,202.41,94.7,225,258,494,394,165,1536,4875,456,5192,46.33,4.33,49.34
2003-01-01,MUNICIPIO,38041,ES709,ES709A2,ES709A21,8267,38.5,4121,4146,100.61,7459,808,9.77,1306,5787,1174,675,390,109,15.8,70,14.2,42.85,20.29,22.57,89.89,111.24,9.28,33.22,1820.11,454.2,44.39,225,247,535,400,210,1617,6920,369,978,83.71,4.46,11.83
2003-01-01,MUNICIPIO,38042,ES709,ES709A2,ES709A22,5545,43.6,2760,2785,100.91,4844,701,12.64,659,3641,1245,753,343,149,11.88,65.66,22.45,52.29,34.19,18.1,188.92,52.93,11.97,27.55,2449.68,226.36,28.62,111,125,253,217,116,822,4552,103,890,82.09,1.86,16.05
2003-01-01,MUNICIPIO,38043,ES709,ES709A2,ES709A21,21778,37.2,10923,10855,99.38,21027,751,3.45,3573,15544,2661,1636,764,261,16.41,71.37,12.22,40.11,17.12,22.99,74.48,134.27,9.81,28.71,2999.64,726.02,25.04,726,682,1430,982,541,4361,19682,849,1247,90.38,3.9,5.73
2003-01-01,MUNICIPIO,38044,ES709,ES709A2,ES709A22,3198,39.8,1610,1588,98.63,2996,202,6.32,489,2164,545,337,157,51,15.29,67.67,17.04,47.78,25.18,22.6,111.45,89.72,9.36,28.81,2606.48,122.69,7.75,78,84,195,165,85,607,2734,36,428,85.49,1.13,13.38
2003-01-01,MUNICIPIO,38045,ES707,ES707A0,ES707A04,6107,42.3,3091,3016,97.57,5522,585,9.58,770,4123,1214,660,386,168,12.61,67.51,19.88,48.12,29.44,18.68,157.66,63.43,13.84,31.8,1156.38,528.11,50.59,134,133,314,246,120,947,4910,232,965,80.4,3.8,15.8
2003-01-01,MUNICIPIO,38046,ES709,ES709A1,ES709A10,9948,37.2,4941,5007,101.34,9797,151,1.52,1626,7126,1196,752,335,109,16.34,71.63,12.02,39.6,16.78,22.82,73.55,135.95,9.11,28.01,2644.48,376.18,5.71,303,299,655,504,255,2016,9110,397,441,91.58,3.99,4.43
2003-01-01,MUNICIPIO,38047,ES707,ES707A0,ES707A03,2687,42.4,1362,1325,97.28,2318,369,13.73,372,1773,542,318,153,71,13.84,65.98,20.17,51.55,30.57,20.98,145.7,68.63,13.1,28.23,5354.89,50.18,6.89,69,61,168,102,55,455,2155,83,449,80.2,3.09,16.71
2003-01-01,MUNICIPIO,38048,ES703,ES703A0,ES703A00,4727,41.3,2402,2325,96.79,4305,422,8.93,671,3141,915,491,301,123,14.2,66.45,19.36,50.49,29.13,21.36,136.36,73.33,13.44,32.9,10368.5,45.59,4.07,127,126,275,186,99,813,3679,348,700,77.83,7.36,14.81
2003-01-01,MUNICIPIO,38049,ES706,ES706A0,ES706A02,4487,41.4,2281,2206,96.71,3373,1114,24.83,544,3200,743,440,213,90,12.12,71.32,16.56,40.22,23.22,17,136.58,73.22,12.11,28.67,3220.82,139.31,34.59,113,84,234,158,81,670,3037,137,1313,67.68,3.05,29.26
2003-01-01,MUNICIPIO,38050,ES706,ES706A0,ES706A01,3109,46.7,1572,1537,97.77,2928,181,5.82,330,1876,903,495,273,135,10.61,60.34,29.04,65.72,48.13,17.59,273.64,36.54,14.95,30.23,10854.2,28.64,1.67,52,53,152,97,64,418,2787,52,270,89.64,1.67,8.68
2003-01-01,MUNICIPIO,38051,ES709,ES709A2,ES709A21,8235,38,4099,4136,100.9,7944,291,3.53,1295,5816,1124,725,322,77,15.73,70.63,13.65,41.59,19.33,22.27,86.8,115.21,6.85,28.65,1808.63,455.32,16.09,224,229,541,411,220,1625,7633,125,477,92.69,1.52,5.79
2003-01-01,MUNICIPIO,38052,ES709,ES709A3,ES709A31,1798,40.9,918,880,95.86,1612,186,10.34,277,1190,331,164,118,49,15.41,66.18,18.41,51.09,27.82,23.28,119.49,83.69,14.8,35.65,5627.11,31.95,3.31,35,58,114,88,38,333,1489,63,246,82.81,3.5,13.68
2003-01-01,MUNICIPIO,38053,ES707,ES707A0,ES707A01,4762,42.2,2408,2354,97.76,4364,398,8.36,714,3063,985,484,336,165,14.99,64.32,20.68,55.47,32.16,23.31,137.96,72.49,16.75,34.11,7067.2,67.38,5.63,107,127,307,220,93,854,3900,148,714,81.9,3.11,14.99
2004-01-01,MUNICIPIO,35001,ES705,ES705A2,ES705A22,5511,40.2,2816,2695,95.7,5307,204,3.7,785,3824,902,528,275,99,14.24,69.39,16.37,44.12,23.59,20.53,114.9,87.03,10.98,30.49,4451.16,123.81,4.58,155,132,307,261,120,975,5053,217,241,91.69,3.94,4.37
2004-01-01,MUNICIPIO,35002,ES705,ES705A3,ES705A32,24460,34.3,12621,11839,93.8,22626,1834,7.5,4479,18009,1972,1306,536,130,18.31,73.63,8.06,35.82,10.95,24.87,44.03,227.13,6.59,27.18,7889.72,310.02,23.25,914,891,1758,1244,605,5412,20934,1358,2168,85.58,5.55,8.86
2004-01-01,MUNICIPIO,35003,ES704,ES704A0,ES704A01,6853,34.3,3883,2970,76.49,4958,1895,27.65,1064,5373,416,257,123,36,15.53,78.4,6.07,27.55,7.74,19.8,39.1,255.77,8.65,29.57,25024.8,27.38,7.57,182,220,440,298,129,1269,3418,1393,2042,49.88,20.33,29.8
2004-01-01,MUNICIPIO,35004,ES708,ES708A0,ES708A01,51633,34,26403,25230,95.56,42687,8946,17.33,9117,38756,3760,2233,1137,390,17.66,75.06,7.28,33.23,9.7,23.52,41.24,242.47,10.37,30.24,2427.54,2126.97,368.52,1914,1767,3561,2521,1375,11138,33587,8384,9662,65.05,16.24,18.71
2004-01-01,MUNICIPIO,35005,ES705,ES705A2,ES705A23,1469,42.3,771,698,90.53,1459,10,0.68,132,1062,275,166,89,20,8.99,72.29,18.72,38.32,25.89,12.43,208.33,48,7.27,32.36,6641.9,22.12,0.15,17,22,56,49,32,176,1415,28,26,96.32,1.91,1.77
2004-01-01,MUNICIPIO,35006,ES705,ES705A1,ES705A10,33701,37.5,16958,16743,98.73,33303,398,1.18,5600,23869,4232,2670,1232,330,16.62,70.83,12.56,41.19,17.73,23.46,75.57,132.33,7.8,29.11,3283.87,1026.26,12.12,1065,1093,2268,1572,795,6793,31855,1057,789,94.52,3.14,2.34
2004-01-01,MUNICIPIO,35007,ES704,ES704A0,ES704A01,749,41.3,378,371,98.15,672,77,10.28,96,520,133,60,48,25,12.82,69.43,17.76,44.04,25.58,18.46,138.54,72.18,18.8,36.09,10370.9,7.22,0.74,15,14,50,30,13,122,648,24,77,86.52,3.2,10.28
2004-01-01,MUNICIPIO,35008,ES705,ES705A2,ES705A21,7060,38.5,3603,3457,95.95,6978,82,1.16,1113,4977,970,603,261,106,15.76,70.5,13.74,41.85,19.49,22.36,87.15,114.74,10.93,26.91,1602.78,440.48,5.12,191,219,439,363,175,1387,6751,179,130,95.62,2.54,1.84
2004-01-01,MUNICIPIO,35009,ES705,ES705A2,ES705A22,22992,38.3,11536,11456,99.31,22795,197,0.86,3546,16222,3224,2017,895,312,15.42,70.55,14.02,41.73,19.87,21.86,90.92,109.99,9.68,27.76,6254.51,367.61,3.15,567,554,1538,1200,555,4414,22268,397,327,96.85,1.73,1.42
2004-01-01,MUNICIPIO,35010,ES708,ES708A0,ES708A02,4747,40,2447,2300,93.99,4128,619,13.04,727,3288,732,425,214,93,15.31,69.26,15.42,44.37,22.26,22.11,100.69,99.32,12.7,29.23,14565.3,32.59,4.25,139,147,304,188,85,863,3631,441,675,76.49,9.29,14.22
2004-01-01,MUNICIPIO,35011,ES705,ES705A3,ES705A32,26857,35.1,13647,13210,96.8,25821,1036,3.86,4725,19607,2525,1645,688,192,17.59,73.01,9.4,36.98,12.88,24.1,53.44,187.13,7.6,27.25,3908.81,687.09,26.5,870,884,1881,1495,725,5855,24810,803,1244,92.38,2.99,4.63
2004-01-01,MUNICIPIO,35012,ES705,ES705A3,ES705A31,15176,36.1,8109,7067,87.15,11060,4116,27.12,2563,11228,1385,918,361,106,16.89,73.99,9.13,35.16,12.34,22.83,54.04,185.05,7.65,26.06,17142,88.53,24.01,349,569,1091,734,374,3117,9435,1386,4355,62.17,9.13,28.7
2004-01-01,MUNICIPIO,35013,ES705,ES705A2,ES705A22,7825,41.8,3973,3852,96.95,7781,44,0.56,834,5621,1370,821,419,130,10.66,71.83,17.51,39.21,24.37,14.84,164.27,60.88,9.49,30.58,3220.46,242.98,1.37,49,98,449,330,181,1107,7560,140,125,96.61,1.79,1.6
2004-01-01,MUNICIPIO,35014,ES704,ES704A0,ES704A02,15583,33.2,8452,7131,84.37,11049,4534,29.1,2718,12006,859,552,226,81,17.44,77.05,5.51,29.79,7.15,22.64,31.6,316.41,9.43,26.31,35533.4,43.85,12.76,616,547,1043,685,308,3199,6932,3814,4837,44.48,24.48,31.04
2004-01-01,MUNICIPIO,35015,ES704,ES704A0,ES704A03,16821,33,9490,7331,77.25,12222,4599,27.34,2373,13782,666,462,156,48,14.11,81.93,3.96,22.05,4.83,17.22,28.07,356.31,7.21,23.42,38493.8,43.7,11.95,516,490,878,642,295,2821,6311,5558,4952,37.52,33.04,29.44
2004-01-01,MUNICIPIO,35016,ES705,ES705A1,ES705A10,376953,38.3,184619,192334,104.18,353314,23639,6.27,56694,270103,50156,30018,15435,4703,15.04,71.65,13.31,39.56,18.57,20.99,88.47,113.04,9.38,30.77,10331.6,3648.54,228.8,11223,11234,22107,16741,9204,70509,307906,36935,32112,81.68,9.8,8.52
2004-01-01,MUNICIPIO,35017,ES704,ES704A0,ES704A02,28357,32.9,14849,13508,90.97,24829,3528,12.44,5168,21511,1678,952,558,168,18.22,75.86,5.92,31.83,7.8,24.02,32.47,307.99,10.01,33.25,29077.1,97.52,12.13,826,1168,2064,1466,702,6226,16747,7396,4214,59.06,26.08,14.86
2004-01-01,MUNICIPIO,35018,ES708,ES708A0,ES708A01,16884,32.9,8689,8195,94.31,14344,2540,15.04,3240,12710,934,584,250,100,19.19,75.28,5.53,32.84,7.35,25.49,28.83,346.9,10.71,26.77,4076.11,414.22,62.31,760,630,1259,797,378,3824,9552,4371,2961,56.57,25.89,17.54
2004-01-01,MUNICIPIO,35019,ES705,ES705A3,ES705A31,44155,36,23091,21064,91.22,34317,9838,22.28,7076,33537,3542,2408,907,227,16.03,75.95,8.02,31.66,10.56,21.1,50.06,199.77,6.41,25.61,33241.9,132.83,29.6,1242,1189,2969,2215,1133,8748,28280,4903,10972,64.05,11.1,24.85
2004-01-01,MUNICIPIO,35020,ES705,ES705A2,ES705A23,7988,38.6,4036,3952,97.92,7801,187,2.34,1265,5467,1256,785,363,108,15.84,68.44,15.72,46.11,22.97,23.14,99.29,100.72,8.6,28.9,12370.8,64.57,1.51,154,250,533,441,186,1564,7650,127,211,95.77,1.59,2.64
2004-01-01,MUNICIPIO,35021,ES705,ES705A1,ES705A10,18599,37.5,9292,9307,100.16,17897,702,3.77,2977,13528,2094,1294,602,198,16.01,72.74,11.26,37.49,15.48,22.01,70.34,142.17,9.46,28.75,2383.19,780.42,29.46,420,615,1245,943,473,3696,16343,1245,1011,87.87,6.69,5.44
2004-01-01,MUNICIPIO,35022,ES705,ES705A3,ES705A32,53820,33,27497,26323,95.73,46905,6915,12.85,10694,39374,3752,2413,1052,287,19.87,73.16,6.97,36.69,9.53,27.16,35.09,285.02,7.65,28.04,6252.83,860.73,110.59,2108,2124,4251,2942,1469,12894,42720,3414,7686,79.38,6.34,14.28
2004-01-01,MUNICIPIO,35023,ES705,ES705A2,ES705A22,14107,39.2,7043,7064,100.3,13960,147,1.04,2169,9706,2232,1329,667,236,15.38,68.8,15.82,45.34,23,22.35,102.9,97.18,10.57,29.88,4261.82,331.01,3.45,290,420,927,728,339,2704,13551,306,250,96.06,2.17,1.77
2004-01-01,MUNICIPIO,35024,ES708,ES708A0,ES708A02,14477,35.5,7462,7015,94.01,12132,2345,16.2,2553,10648,1276,808,354,114,17.63,73.55,8.81,35.96,11.98,23.98,49.98,200.08,8.93,27.74,22400.6,64.63,10.47,488,492,1046,705,335,3066,9629,2313,2535,66.51,15.98,17.51
2004-01-01,MUNICIPIO,35025,ES705,ES705A2,ES705A23,2347,45.4,1220,1127,92.38,2315,32,1.36,170,1682,495,286,132,77,7.24,71.67,21.09,39.54,29.43,10.11,291.18,34.34,15.56,26.67,10386.3,22.6,0.31,5,13,79,104,45,246,2241,63,43,95.48,2.68,1.83
2004-01-01,MUNICIPIO,35026,ES705,ES705A1,ES705A10,94862,35.2,47665,47197,99.02,92507,2355,2.48,16762,69090,9010,5690,2502,818,17.67,72.83,9.5,37.3,13.04,24.26,53.75,186.04,9.08,27.77,10033.1,945.49,23.47,3239,3452,6464,4932,2543,20630,86395,4980,3487,91.07,5.25,3.68
2004-01-01,MUNICIPIO,35027,ES705,ES705A2,ES705A21,12281,39.1,6196,6085,98.21,12099,182,1.48,1820,8613,1848,1166,519,163,14.82,70.13,15.05,42.59,21.46,21.13,101.54,98.48,8.82,28.08,2580.73,475.87,7.05,264,382,762,567,242,2217,11675,234,372,95.07,1.91,3.03
2004-01-01,MUNICIPIO,35028,ES708,ES708A0,ES708A01,15788,35.2,8216,7572,92.16,10364,5424,34.36,2689,11974,1125,752,283,90,17.03,75.84,7.13,31.85,9.4,22.46,41.84,239.02,8,25.16,6432.05,245.46,84.33,559,551,1063,704,358,3235,7240,2987,5561,45.86,18.92,35.22
2004-01-01,MUNICIPIO,35029,ES708,ES708A0,ES708A03,5123,35.6,2702,2421,89.6,4543,580,11.32,868,3773,482,288,134,60,16.94,73.65,9.41,35.78,12.77,23.01,55.53,180.08,12.45,27.8,13577.9,37.73,4.27,180,175,357,216,97,1025,3980,489,654,77.69,9.55,12.77
2004-01-01,MUNICIPIO,35030,ES704,ES704A0,ES704A03,11623,33.7,6173,5450,88.29,10238,1385,11.92,2178,8528,917,565,261,91,18.74,73.37,7.89,36.29,10.75,25.54,42.1,237.51,9.92,28.46,27629.8,42.07,5.01,379,473,881,619,255,2607,7811,2277,1535,67.2,19.59,13.21
2004-01-01,MUNICIPIO,35031,ES705,ES705A2,ES705A21,8498,35.7,4348,4150,95.45,8223,275,3.24,1561,6062,875,540,264,71,18.37,71.33,10.3,40.18,14.43,25.75,56.05,178.4,8.11,30.17,3880.13,219.01,7.09,298,280,620,469,216,1883,7902,254,342,92.99,2.99,4.02
2004-01-01,MUNICIPIO,35032,ES705,ES705A2,ES705A21,4082,41.7,2140,1942,90.75,4030,52,1.27,492,2845,745,450,221,74,12.05,69.7,18.25,43.48,26.19,17.29,151.42,66.04,9.93,29.66,2212.89,184.46,2.35,87,82,214,160,88,631,3898,70,114,95.49,1.71,2.79
2004-01-01,MUNICIPIO,35033,ES705,ES705A2,ES705A21,7617,38.5,3956,3661,92.54,7522,95,1.25,1349,5208,1060,611,338,111,17.71,68.37,13.92,46.26,20.35,25.9,78.58,127.26,10.47,31.89,3821.39,199.33,2.49,191,213,688,333,174,1599,7295,173,149,95.77,2.27,1.96
2004-01-01,MUNICIPIO,35034,ES708,ES708A0,ES708A03,8130,34.7,4584,3546,77.36,5862,2268,27.9,1032,6598,500,340,129,31,12.69,81.16,6.15,23.22,7.58,15.64,48.45,206.4,6.2,25.8,21209.4,38.33,10.69,191,225,399,287,147,1249,2947,2731,2452,36.25,33.59,30.16
2004-01-01,MUNICIPIO,38001,ES709,ES709A3,ES709A32,30304,34.7,15875,14429,90.89,18832,11472,37.86,5063,23208,2033,1328,536,169,16.71,76.58,6.71,30.58,8.76,21.82,40.15,249.04,8.31,26.36,10595.2,286.02,108.28,906,1093,2038,1324,574,5935,12366,5276,12662,40.81,17.41,41.78
2004-01-01,MUNICIPIO,38002,ES706,ES706A0,ES706A01,1221,47,599,622,103.84,1162,59,4.83,130,753,338,189,111,38,10.65,61.67,27.68,62.15,44.89,17.26,260,38.46,11.24,32.84,2500.41,48.83,2.36,28,28,47,33,19,155,1106,26,89,90.58,2.13,7.29
2004-01-01,MUNICIPIO,38003,ES706,ES706A0,ES706A02,1894,40.3,1014,880,86.79,1709,185,9.77,240,1344,310,191,87,32,12.67,70.96,16.37,40.92,23.07,17.86,129.17,77.42,10.32,28.06,4960.68,38.18,3.73,45,55,104,53,36,293,1522,120,252,80.36,6.34,13.31
2004-01-01,MUNICIPIO,38004,ES709,ES709A3,ES709A33,5256,41,2555,2701,105.71,5132,124,2.36,759,3537,960,534,299,127,14.44,67.29,18.26,48.6,27.14,21.46,126.48,79.06,13.23,31.15,3436.18,152.96,3.61,152,155,278,229,119,933,4734,191,331,90.07,3.63,6.3
2004-01-01,MUNICIPIO,38005,ES709,ES709A3,ES709A31,7005,40,3645,3360,92.18,6040,965,13.78,1006,4898,1101,676,315,110,14.36,69.92,15.72,43.02,22.48,20.54,109.44,91.37,9.99,28.61,17893.4,39.15,5.39,198,204,399,281,151,1233,5624,255,1126,80.29,3.64,16.07
2004-01-01,MUNICIPIO,38006,ES709,ES709A3,ES709A32,59395,35.1,30875,28520,92.37,40283,19112,32.18,9527,45505,4363,2938,1110,315,16.04,76.61,7.35,30.52,9.59,20.94,45.8,218.36,7.22,25.44,8159.85,727.89,234.22,1453,2162,3846,2714,1277,11452,27218,10552,21625,45.83,17.77,36.41
2004-01-01,MUNICIPIO,38007,ES707,ES707A0,ES707A02,2350,45.3,1194,1156,96.82,2237,113,4.81,222,1546,582,295,208,79,9.45,65.79,24.77,52.01,37.65,14.36,262.16,38.14,13.57,35.74,4349.52,54.03,2.6,37,36,94,77,56,300,2030,26,294,86.38,1.11,12.51
2004-01-01,MUNICIPIO,38008,ES707,ES707A0,ES707A01,6847,38.1,3383,3464,102.39,6293,554,8.09,1140,4740,967,563,299,105,16.65,69.23,14.12,44.45,20.4,24.05,84.82,117.89,10.86,30.92,3089.34,221.63,17.93,242,223,439,300,151,1355,5584,343,920,81.55,5.01,13.44
2004-01-01,MUNICIPIO,38009,ES707,ES707A0,ES707A01,4186,39,2107,2079,98.67,3849,337,8.05,622,2977,587,340,168,79,14.86,71.12,14.02,40.61,19.72,20.89,94.37,105.96,13.46,28.62,1415.88,295.65,23.8,120,108,268,173,94,763,3263,335,588,77.95,8,14.05
2004-01-01,MUNICIPIO,38010,ES709,ES709A2,ES709A22,5301,41.2,2735,2566,93.82,5059,242,4.57,705,3662,934,534,292,108,13.3,69.08,17.62,44.76,25.51,19.25,132.48,75.48,11.56,31.26,6636.41,79.88,3.65,143,127,268,224,127,889,4653,108,540,87.78,2.04,10.19
2004-01-01,MUNICIPIO,38011,ES709,ES709A3,ES709A33,19197,37.1,9596,9601,100.05,17635,1562,8.14,3150,13830,2217,1453,598,166,16.41,72.04,11.55,38.81,16.03,22.78,70.38,142.08,7.49,26.97,4948.05,387.97,31.57,575,632,1300,845,441,3793,14164,2486,2547,73.78,12.95,13.27
2004-01-01,MUNICIPIO,38012,ES709,ES709A3,ES709A31,2704,44.4,1393,1311,94.11,2611,93,3.44,281,1801,622,338,228,56,10.39,66.61,23,50.14,34.54,15.6,221.35,45.18,9,36.66,4524.91,59.76,2.06,53,55,121,77,31,337,2436,78,190,90.09,2.88,7.03
2004-01-01,MUNICIPIO,38013,ES703,ES703A0,ES703A00,5231,42.5,2651,2580,97.32,4617,614,11.74,709,3465,1057,571,335,151,13.55,66.24,20.21,50.97,30.51,20.46,149.08,67.08,14.29,31.69,16428.9,31.84,3.74,130,137,291,203,110,871,3749,266,1216,71.67,5.09,23.25
2004-01-01,MUNICIPIO,38014,ES707,ES707A0,ES707A04,1877,43.2,968,909,93.9,1786,91,4.85,235,1236,406,182,170,54,12.52,65.85,21.63,51.86,32.85,19.01,172.77,57.88,13.3,41.87,5590.02,33.58,1.63,44,39,105,74,31,293,1646,68,163,87.69,3.62,8.68
2004-01-01,MUNICIPIO,38015,ES709,ES709A2,ES709A22,5671,41.6,2806,2865,102.1,5302,369,6.51,687,3977,1007,572,325,110,12.11,70.13,17.76,42.59,25.32,17.27,146.58,68.22,10.92,32.27,2743.2,206.73,13.45,128,130,268,228,149,903,4818,153,700,84.96,2.7,12.34
2004-01-01,MUNICIPIO,38016,ES707,ES707A0,ES707A03,1948,47.1,1009,939,93.06,1720,228,11.7,218,1180,550,265,201,84,11.19,60.57,28.23,65.08,46.61,18.47,252.29,39.64,15.27,36.55,10258.4,18.99,2.22,30,42,86,79,38,275,1582,72,294,81.21,3.7,15.09
2004-01-01,MUNICIPIO,38017,ES709,ES709A3,ES709A31,30769,34.7,15961,14808,92.78,24159,6610,21.48,5261,22969,2539,1589,702,248,17.1,74.65,8.25,33.96,11.05,22.9,48.26,207.21,9.77,27.65,16250.4,189.34,40.68,938,1087,2099,1508,764,6396,19075,4436,7258,61.99,14.42,23.59
2004-01-01,MUNICIPIO,38018,ES709,ES709A2,ES709A23,5372,40.2,2634,2738,103.95,5227,145,2.7,739,3763,870,515,266,89,13.76,70.05,16.2,42.76,23.12,19.64,117.73,84.94,10.23,30.57,2380.47,225.67,6.09,135,129,273,270,141,948,5004,45,323,93.15,0.84,6.01
2004-01-01,MUNICIPIO,38019,ES709,ES709A3,ES709A32,17816,36,8986,8830,98.26,14972,2844,15.96,3154,12751,1911,1203,546,162,17.7,71.57,10.73,39.72,14.99,24.74,60.59,165.04,8.48,28.57,14410.2,123.63,19.74,589,660,1227,909,457,3842,13254,1034,3528,74.39,5.8,19.8
2004-01-01,MUNICIPIO,38020,ES709,ES709A3,ES709A33,16334,39.7,8113,8221,101.33,15705,629,3.85,2299,11436,2599,1531,814,254,14.07,70.01,15.91,42.83,22.73,20.1,113.05,88.46,9.77,31.32,10288.8,158.76,6.11,362,469,912,742,369,2854,14464,647,1223,88.55,3.96,7.49
2004-01-01,MUNICIPIO,38021,ES706,ES706A0,ES706A01,2176,45,1102,1074,97.46,2020,156,7.17,206,1482,488,258,167,63,9.47,68.11,22.43,46.83,32.93,13.9,236.89,42.21,12.91,34.22,3915.87,55.57,3.98,30,55,72,68,29,254,1931,57,188,88.74,2.62,8.64
2004-01-01,MUNICIPIO,38022,ES709,ES709A2,ES709A23,24023,38.5,11919,12104,101.55,22464,1559,6.49,3689,17060,3274,2002,1033,239,15.36,71.02,13.63,40.81,19.19,21.62,88.75,112.68,7.3,31.55,9585.8,250.61,16.26,611,700,1465,1219,639,4634,20681,483,2859,86.09,2.01,11.9
2004-01-01,MUNICIPIO,38023,ES709,ES709A1,ES709A10,137314,38.2,67659,69655,102.95,131218,6096,4.44,18252,102506,16556,10068,4972,1516,13.29,74.65,12.06,33.96,16.15,17.81,90.71,110.24,9.16,30.03,10245.2,1340.28,59.5,1270,3522,8623,6559,3590,23564,118489,8174,10651,86.29,5.95,7.76
2004-01-01,MUNICIPIO,38024,ES707,ES707A0,ES707A04,19659,39.1,9723,9936,102.19,17636,2023,10.29,3098,13533,3028,1676,1008,344,15.76,68.84,15.4,45.27,22.37,22.89,97.74,102.31,11.36,33.29,3560.43,552.15,56.82,451,597,1326,958,464,3796,15556,924,3179,79.13,4.7,16.17
2004-01-01,MUNICIPIO,38025,ES709,ES709A2,ES709A21,7587,38,3830,3757,98.09,7126,461,6.08,1149,5432,1006,615,293,98,15.14,71.6,13.26,39.67,18.52,21.15,87.55,114.21,9.74,29.13,1405.07,539.97,32.81,221,224,457,354,197,1453,6770,168,649,89.23,2.21,8.55
2004-01-01,MUNICIPIO,38026,ES709,ES709A2,ES709A24,39909,37.4,19759,20150,101.98,38199,1710,4.28,6584,28397,4928,3016,1463,449,16.5,71.15,12.35,40.54,17.35,23.19,74.85,133.6,9.11,29.69,20688.7,192.9,8.27,1138,1333,2687,1935,981,8074,35683,1387,2839,89.41,3.48,7.11
2004-01-01,MUNICIPIO,38027,ES707,ES707A0,ES707A04,7218,41,3667,3551,96.84,6336,882,12.22,1028,4911,1279,672,448,159,14.24,68.04,17.72,46.98,26.04,20.93,124.42,80.38,12.43,35.03,13594,53.1,6.49,180,186,439,298,177,1280,5763,225,1230,79.84,3.12,17.04
2004-01-01,MUNICIPIO,38028,ES709,ES709A2,ES709A24,30088,41.7,14581,15507,106.35,25372,4716,15.67,3610,21230,5248,3065,1622,561,12,70.56,17.44,41.72,24.72,17,145.37,68.79,10.69,30.91,882.59,3409.06,534.34,636,610,1520,1182,646,4594,20933,3309,5846,69.57,11,19.43
2004-01-01,MUNICIPIO,38029,ES707,ES707A0,ES707A03,1708,43.6,852,856,100.47,1550,158,9.25,172,1190,346,164,129,53,10.07,69.67,20.26,43.53,29.08,14.45,201.16,49.71,15.32,37.28,3080.58,55.44,5.13,10,34,82,60,47,233,1246,33,429,72.95,1.93,25.12
2004-01-01,MUNICIPIO,38030,ES707,ES707A0,ES707A02,2380,43.3,1179,1201,101.87,2208,172,7.23,298,1564,518,273,175,70,12.52,65.71,21.76,52.17,33.12,19.05,173.83,57.53,13.51,33.78,3505.04,67.9,4.91,62,61,113,79,45,360,2020,72,288,84.87,3.03,12.1
2004-01-01,MUNICIPIO,38031,ES709,ES709A2,ES709A24,35756,37.4,17732,18024,101.65,33450,2306,6.45,5969,25353,4434,2761,1328,345,16.69,70.91,12.4,41.03,17.49,23.54,74.28,134.62,7.78,29.95,5646.81,633.21,40.84,1122,1141,2420,1752,851,7286,30962,1067,3727,86.59,2.98,10.42
2004-01-01,MUNICIPIO,38032,ES709,ES709A1,ES709A10,15542,36.2,8121,7421,91.38,14755,787,5.06,2562,11631,1349,892,345,112,16.48,74.84,8.68,33.63,11.6,22.03,52.65,189.92,8.3,25.57,3931.15,395.36,20.02,479,528,1013,699,335,3054,11988,2020,1534,77.13,13,9.87
2004-01-01,MUNICIPIO,38033,ES707,ES707A0,ES707A02,5012,44.2,2563,2449,95.55,4897,115,2.29,503,3423,1086,591,348,147,10.04,68.3,21.67,46.42,31.73,14.69,215.9,46.32,13.54,32.04,4287.29,116.9,2.68,56,105,215,177,101,654,4465,168,379,89.09,3.35,7.56
2004-01-01,MUNICIPIO,38034,ES709,ES709A2,ES709A23,5002,39,2489,2513,100.96,4797,205,4.1,730,3545,727,432,218,77,14.59,70.87,14.53,41.1,20.51,20.59,99.59,100.41,10.59,29.99,2060.52,242.75,9.95,135,131,298,219,124,907,4499,80,423,89.94,1.6,8.46
2004-01-01,MUNICIPIO,38035,ES709,ES709A3,ES709A31,10802,35.8,5535,5267,95.16,7721,3081,28.52,1942,7901,959,618,255,86,17.98,73.14,8.88,36.72,12.14,24.58,49.38,202.5,8.97,26.59,4203.66,256.97,73.29,334,426,786,506,257,2309,6454,909,3439,59.75,8.42,31.84
2004-01-01,MUNICIPIO,38036,ES706,ES706A0,ES706A02,7984,37.4,4046,3938,97.33,7353,631,7.9,1332,5655,997,602,282,113,16.68,70.83,12.49,41.18,17.63,23.55,74.85,133.6,11.33,28.28,11313.4,70.57,5.58,248,270,522,398,196,1634,6602,555,827,82.69,6.95,10.36
2004-01-01,MUNICIPIO,38037,ES707,ES707A0,ES707A01,17857,39.7,8780,9077,103.38,17081,776,4.35,2575,12427,2855,1521,971,363,14.42,69.59,15.99,43.7,22.97,20.72,110.87,90.19,12.71,34.01,4341.21,411.34,17.88,429,470,1116,790,398,3203,15043,1326,1488,84.24,7.43,8.33
2004-01-01,MUNICIPIO,38038,ES709,ES709A1,ES709A10,219446,39.1,105797,113649,107.42,209296,10150,4.63,31040,157132,31274,17877,9914,3483,14.14,71.6,14.25,39.66,19.9,19.75,100.75,99.25,11.14,31.7,15044,1458.69,67.47,4972,5610,12887,10120,5441,39030,178134,22797,18515,81.17,10.39,8.44
2004-01-01,MUNICIPIO,38039,ES709,ES709A2,ES709A21,12237,36.9,6139,6098,99.33,10935,1302,10.64,2067,8779,1391,866,418,107,16.89,71.74,11.37,39.39,15.84,23.54,67.3,148.6,7.69,30.05,2237.31,546.95,58.19,408,429,805,569,300,2511,9855,588,1794,80.53,4.81,14.66
2004-01-01,MUNICIPIO,38040,ES709,ES709A3,ES709A32,10777,44.3,5426,5351,98.62,5606,5171,47.98,1259,7254,2264,1442,655,167,11.68,67.31,21.01,48.57,31.21,17.36,179.83,55.61,7.38,28.93,5198.76,207.3,99.47,218,259,520,357,202,1556,4859,470,5448,45.09,4.36,50.55
2004-01-01,MUNICIPIO,38041,ES709,ES709A2,ES709A21,8178,38.4,4074,4104,100.74,7521,657,8.03,1293,5772,1113,643,375,95,15.81,70.58,13.61,41.68,19.28,22.4,86.08,116.17,8.54,33.69,1820.11,449.31,36.1,197,257,542,393,207,1596,6958,369,851,85.08,4.51,10.41
2004-01-01,MUNICIPIO,38042,ES709,ES709A2,ES709A22,5547,43.9,2773,2774,100.04,4841,706,12.73,667,3617,1263,751,364,148,12.02,65.21,22.77,53.36,34.92,18.44,189.36,52.81,11.72,28.82,2449.68,226.44,28.82,101,131,258,224,106,820,4539,104,904,81.83,1.87,16.3
2004-01-01,MUNICIPIO,38043,ES709,ES709A2,ES709A21,21986,37.4,11049,10937,98.99,21289,697,3.17,3568,15751,2667,1626,798,243,16.23,71.64,12.13,39.58,16.93,22.65,74.75,133.78,9.11,29.92,2999.64,732.95,23.24,729,674,1406,1017,510,4336,19870,871,1245,90.38,3.96,5.66
2004-01-01,MUNICIPIO,38044,ES709,ES709A2,ES709A22,3111,40.1,1558,1553,99.68,2951,160,5.14,458,2125,528,330,147,51,14.72,68.31,16.97,46.4,24.85,21.55,115.28,86.74,9.66,27.84,2606.48,119.36,6.14,81,76,179,168,66,570,2670,37,404,85.82,1.19,12.99
2004-01-01,MUNICIPIO,38045,ES707,ES707A0,ES707A04,5797,42.4,2921,2876,98.46,5480,317,5.47,735,3902,1160,610,385,165,12.68,67.31,20.01,48.56,29.73,18.84,157.82,63.36,14.22,33.19,1156.38,501.31,27.41,125,140,294,240,117,916,4867,235,695,83.96,4.05,11.99
2004-01-01,MUNICIPIO,38046,ES709,ES709A1,ES709A10,10165,37.6,5033,5132,101.97,9998,167,1.64,1627,7287,1251,784,358,109,16.01,71.69,12.31,39.49,17.17,22.33,76.89,130.06,8.71,28.62,2644.48,384.39,6.32,261,337,651,508,261,2018,9267,419,479,91.17,4.12,4.71
2004-01-01,MUNICIPIO,38047,ES707,ES707A0,ES707A03,2666,42.8,1351,1315,97.34,2303,363,13.62,355,1775,536,305,159,72,13.32,66.58,20.11,50.2,30.2,20,150.99,66.23,13.43,29.66,5354.89,49.79,6.78,54,74,156,97,63,444,2123,86,457,79.63,3.23,17.14
2004-01-01,MUNICIPIO,38048,ES703,ES703A0,ES703A00,4840,41.3,2447,2393,97.79,4406,434,8.97,684,3244,912,488,299,125,14.13,67.02,18.84,49.2,28.11,21.09,133.33,75,13.71,32.79,10368.5,46.68,4.19,128,136,269,197,97,827,3739,353,748,77.25,7.29,15.45
2004-01-01,MUNICIPIO,38049,ES706,ES706A0,ES706A02,4745,41.4,2414,2331,96.56,3446,1299,27.38,575,3393,777,453,234,90,12.12,71.51,16.38,39.85,22.9,16.95,135.13,74,11.58,30.12,3220.82,147.32,40.33,116,99,246,150,94,705,3073,160,1512,64.76,3.37,31.87
2004-01-01,MUNICIPIO,38050,ES706,ES706A0,ES706A01,3200,47.1,1621,1579,97.41,2998,202,6.31,316,1965,919,498,290,131,9.88,61.41,28.72,62.85,46.77,16.08,290.82,34.39,14.25,31.56,10854.2,29.48,1.86,45,55,147,98,51,396,2860,49,291,89.38,1.53,9.09
2004-01-01,MUNICIPIO,38051,ES709,ES709A2,ES709A21,8350,38.1,4158,4192,100.82,8050,300,3.59,1312,5885,1153,732,347,74,15.71,70.48,13.81,41.89,19.59,22.29,87.88,113.79,6.42,30.1,1808.63,461.68,16.59,238,248,532,399,220,1637,7716,129,505,92.41,1.54,6.05
2004-01-01,MUNICIPIO,38052,ES709,ES709A3,ES709A31,1895,40.4,978,917,93.76,1687,208,10.98,293,1275,327,164,120,43,15.46,67.28,17.26,48.63,25.65,22.98,111.6,89.6,13.15,36.7,5627.11,33.68,3.7,43,60,123,92,34,352,1548,75,272,81.69,3.96,14.35
2004-01-01,MUNICIPIO,38053,ES707,ES707A0,ES707A01,4777,42.5,2418,2359,97.56,4391,386,8.08,699,3093,985,474,341,170,14.63,64.75,20.62,54.45,31.85,22.6,140.92,70.96,17.26,34.62,7067.2,67.59,5.46,90,125,316,225,102,858,3912,154,711,81.89,3.22,14.88
2005-01-01,MUNICIPIO,35001,ES705,ES705A2,ES705A22,5606,40.2,2858,2748,96.15,5373,233,4.16,827,3861,918,522,298,98,14.75,68.87,16.38,45.2,23.78,21.42,111,90.09,10.68,32.46,4451.16,125.94,5.23,174,151,293,267,131,1016,5112,220,274,91.19,3.92,4.89
2005-01-01,MUNICIPIO,35002,ES705,ES705A3,ES705A32,25541,34.5,13165,12376,94.01,23441,2100,8.22,4616,18894,2031,1324,579,128,18.07,73.98,7.95,35.18,10.75,24.43,44,227.28,6.3,28.51,7889.72,323.73,26.62,993,927,1806,1225,598,5549,21671,1390,2480,84.85,5.44,9.71
2005-01-01,MUNICIPIO,35003,ES704,ES704A0,ES704A01,7578,34.7,4257,3321,78.01,5152,2426,32.01,1150,5980,448,275,136,37,15.18,78.91,5.91,26.72,7.49,19.23,38.96,256.7,8.26,30.36,25024.8,30.28,9.69,177,260,473,319,154,1383,3552,1471,2555,46.87,19.41,33.72
2005-01-01,MUNICIPIO,35004,ES708,ES708A0,ES708A01,53920,34.1,27724,26196,94.49,43037,10883,20.18,9545,40525,3850,2258,1191,401,17.7,75.16,7.14,33.05,9.5,23.55,40.34,247.92,10.42,30.94,2427.54,2221.18,448.31,2165,1884,3559,2583,1363,11554,33985,8338,11597,63.03,15.46,21.51
2005-01-01,MUNICIPIO,35005,ES705,ES705A2,ES705A23,1386,43.6,728,658,90.38,1378,8,0.58,115,991,280,162,97,21,8.3,71.5,20.2,39.86,28.25,11.6,243.48,41.07,7.5,34.64,6641.9,20.87,0.12,15,19,50,44,31,159,1335,27,24,96.32,1.95,1.73
2005-01-01,MUNICIPIO,35006,ES705,ES705A1,ES705A10,34245,37.7,17226,17019,98.8,33790,455,1.33,5606,24327,4312,2639,1348,325,16.37,71.04,12.59,40.77,17.73,23.04,76.92,130.01,7.54,31.26,3283.87,1042.82,13.86,1097,1156,2172,1588,807,6820,32323,1055,867,94.39,3.08,2.53
2005-01-01,MUNICIPIO,35007,ES704,ES704A0,ES704A01,738,41.8,372,366,98.39,645,93,12.6,98,508,132,60,46,26,13.28,68.83,17.89,45.28,25.98,19.29,134.69,74.24,19.7,34.85,10370.9,7.12,0.9,12,16,46,28,17,119,626,21,91,84.82,2.85,12.33
2005-01-01,MUNICIPIO,35008,ES705,ES705A2,ES705A21,7179,38.7,3676,3503,95.29,7077,102,1.42,1133,5046,1000,609,288,103,15.78,70.29,13.93,42.27,19.82,22.45,88.26,113.3,10.3,28.8,1602.78,447.91,6.36,231,221,434,351,186,1423,6840,180,159,95.28,2.51,2.21
2005-01-01,MUNICIPIO,35009,ES705,ES705A2,ES705A22,23201,38.5,11658,11543,99.01,22961,240,1.03,3546,16414,3241,1972,962,307,15.28,70.75,13.97,41.35,19.75,21.6,91.4,109.41,9.47,29.68,6254.51,370.95,3.84,608,598,1446,1195,583,4430,22432,393,376,96.69,1.69,1.62
2005-01-01,MUNICIPIO,35010,ES708,ES708A0,ES708A02,4894,40.3,2563,2331,90.95,4166,728,14.88,728,3413,753,435,226,92,14.88,69.74,15.39,43.39,22.06,21.33,103.43,96.68,12.22,30.01,14565.3,33.6,5,140,136,303,201,105,885,3668,436,790,74.95,8.91,16.14
2005-01-01,MUNICIPIO,35011,ES705,ES705A3,ES705A32,27308,35.5,13896,13412,96.52,26159,1149,4.21,4661,20060,2587,1649,741,197,17.07,73.46,9.47,36.13,12.9,23.24,55.5,180.17,7.61,28.64,3908.81,698.63,29.4,833,916,1870,1427,786,5832,25111,814,1383,91.95,2.98,5.06
2005-01-01,MUNICIPIO,35012,ES705,ES705A3,ES705A31,15953,36.7,8525,7428,87.13,11000,4953,31.05,2571,11878,1504,996,404,104,16.12,74.46,9.43,34.31,12.66,21.65,58.5,170.94,6.91,26.86,17142,93.06,28.89,297,611,1076,774,393,3151,9463,1297,5193,59.32,8.13,32.55
2005-01-01,MUNICIPIO,35013,ES705,ES705A2,ES705A22,7801,42.1,3944,3857,97.79,7761,40,0.51,811,5596,1394,826,443,125,10.4,71.73,17.87,39.4,24.91,14.49,171.89,58.18,8.97,31.78,3220.46,242.23,1.24,89,58,445,311,188,1091,7522,147,132,96.42,1.88,1.69
2005-01-01,MUNICIPIO,35014,ES704,ES704A0,ES704A02,17273,33.4,9419,7854,83.38,11532,5741,33.24,3008,13315,950,609,258,83,17.41,77.09,5.5,29.73,7.13,22.59,31.58,316.63,8.74,27.16,35533.4,48.61,16.16,642,671,1166,705,338,3522,7271,3991,6011,42.09,23.11,34.8
2005-01-01,MUNICIPIO,35015,ES704,ES704A0,ES704A03,18173,33.4,10211,7962,77.97,12395,5778,31.79,2614,14762,797,564,185,48,14.38,81.23,4.39,23.11,5.4,17.71,30.49,327.98,6.02,23.21,38493.8,47.21,15.01,608,538,975,643,321,3085,6710,5409,6054,36.92,29.76,33.31
2005-01-01,MUNICIPIO,35016,ES705,ES705A1,ES705A10,378628,38.8,185494,193134,104.12,351765,26863,7.09,55655,272081,50892,29708,16358,4826,14.7,71.86,13.44,39.16,18.7,20.46,91.44,109.36,9.48,32.14,10331.6,3664.76,260.01,10289,11654,21824,16069,9210,69046,306460,36641,35527,80.94,9.68,9.38
2005-01-01,MUNICIPIO,35017,ES704,ES704A0,ES704A02,30363,33.2,15961,14402,90.23,25829,4534,14.93,5320,23308,1735,952,592,191,17.52,76.76,5.71,30.27,7.44,22.82,32.61,306.63,11.01,34.12,29077.1,104.42,15.59,929,1118,2171,1534,763,6515,17312,7746,5305,57.02,25.51,17.47
2005-01-01,MUNICIPIO,35018,ES708,ES708A0,ES708A01,17452,33.4,9042,8410,93.01,14426,3026,17.34,3335,13132,985,611,267,107,19.11,75.25,5.64,32.9,7.5,25.4,29.54,338.58,10.86,27.11,4076.11,428.15,74.24,705,715,1250,857,399,3926,9737,4280,3435,55.79,24.52,19.68
2005-01-01,MUNICIPIO,35019,ES705,ES705A3,ES705A31,46428,36.5,24249,22179,91.46,34927,11501,24.77,7287,35212,3929,2659,1010,260,15.7,75.84,8.46,31.85,11.16,20.69,53.92,185.47,6.62,25.71,33241.9,139.67,34.6,1138,1546,2961,2229,1169,9043,28792,4927,12709,62.01,10.61,27.37
2005-01-01,MUNICIPIO,35020,ES705,ES705A2,ES705A23,8299,38.6,4260,4039,94.81,7909,390,4.7,1313,5714,1272,778,390,104,15.82,68.85,15.33,45.24,22.26,22.98,96.88,103.22,8.18,30.66,12370.8,67.09,3.15,199,262,524,423,206,1614,7728,162,409,93.12,1.95,4.93
2005-01-01,MUNICIPIO,35021,ES705,ES705A1,ES705A10,18806,37.9,9384,9422,100.4,18013,793,4.22,2973,13695,2138,1285,652,201,15.81,72.82,11.37,37.32,15.61,21.71,71.91,139.06,9.4,30.5,2383.19,789.11,33.27,455,579,1235,931,480,3680,16440,1250,1116,87.42,6.65,5.93
2005-01-01,MUNICIPIO,35022,ES705,ES705A3,ES705A32,56268,33.2,28714,27554,95.96,48209,8059,14.32,11188,41172,3908,2491,1143,274,19.88,73.17,6.95,36.67,9.49,27.17,34.93,286.28,7.01,29.25,6252.83,899.88,128.89,2333,2329,4284,3025,1484,13455,43859,3516,8893,77.95,6.25,15.8
2005-01-01,MUNICIPIO,35023,ES705,ES705A2,ES705A22,14086,39.6,7024,7062,100.54,13940,146,1.04,2126,9713,2247,1292,717,238,15.09,68.95,15.95,45.02,23.13,21.89,105.69,94.62,10.59,31.91,4261.82,330.52,3.43,303,400,908,694,357,2662,13522,301,263,96,2.14,1.87
2005-01-01,MUNICIPIO,35024,ES708,ES708A0,ES708A02,15824,35.7,8088,7736,95.65,12761,3063,19.36,2748,11695,1381,859,408,114,17.37,73.91,8.73,35.31,11.81,23.5,50.25,198.99,8.25,29.54,22400.6,70.64,13.67,566,548,1070,749,382,3315,10055,2501,3268,63.54,15.81,20.65
2005-01-01,MUNICIPIO,35025,ES705,ES705A2,ES705A23,2341,45.4,1226,1115,90.95,2297,44,1.88,187,1650,504,292,135,77,7.99,70.48,21.53,41.88,30.55,11.33,269.52,37.1,15.28,26.79,10386.3,22.54,0.42,29,28,75,82,44,258,2238,51,52,95.6,2.18,2.22
2005-01-01,MUNICIPIO,35026,ES705,ES705A1,ES705A10,96547,35.5,48397,48150,99.49,93785,2762,2.86,16898,70405,9244,5746,2667,831,17.5,72.92,9.57,37.13,13.13,24,54.7,182.8,8.99,28.85,10033.1,962.28,27.53,3469,3494,6430,4773,2564,20730,87562,4990,3995,90.69,5.17,4.14
2005-01-01,MUNICIPIO,35027,ES705,ES705A2,ES705A21,12189,39.7,6164,6025,97.74,12011,178,1.46,1737,8581,1871,1148,567,156,14.25,70.4,15.35,42.05,21.8,20.24,107.71,92.84,8.34,30.3,2580.73,472.31,6.9,230,361,722,568,263,2144,11587,235,367,95.06,1.93,3.01
2005-01-01,MUNICIPIO,35028,ES708,ES708A0,ES708A01,16850,35.8,8775,8075,92.02,10362,6488,38.5,2715,12883,1252,836,314,102,16.11,76.46,7.43,30.79,9.72,21.07,46.11,216.85,8.15,25.08,6432.05,261.97,100.87,534,559,1089,705,360,3247,7321,2907,6622,43.45,17.25,39.3
2005-01-01,MUNICIPIO,35029,ES708,ES708A0,ES708A03,5258,35.9,2784,2474,88.86,4593,665,12.65,879,3882,497,289,148,60,16.72,73.83,9.45,35.45,12.8,22.64,56.54,176.86,12.07,29.78,13577.9,38.72,4.9,183,179,366,209,114,1051,4048,480,730,76.99,9.13,13.88
2005-01-01,MUNICIPIO,35030,ES704,ES704A0,ES704A03,12517,33.7,6671,5846,87.63,10563,1954,15.61,2358,9204,955,573,279,103,18.84,73.53,7.63,36,10.38,25.62,40.5,246.91,10.79,29.21,27629.8,45.3,7.07,448,504,942,616,293,2803,8068,2300,2149,64.46,18.38,17.17
2005-01-01,MUNICIPIO,35031,ES705,ES705A2,ES705A21,8659,36,4429,4230,95.51,8310,349,4.03,1559,6190,910,551,286,73,18,71.49,10.51,39.89,14.7,25.19,58.37,171.32,8.02,31.43,3880.13,223.16,8.99,291,312,610,479,217,1909,7980,263,416,92.16,3.04,4.8
2005-01-01,MUNICIPIO,35032,ES705,ES705A2,ES705A21,4055,42.4,2135,1920,89.93,3999,56,1.38,470,2827,758,455,227,76,11.59,69.72,18.69,43.44,26.81,16.63,161.28,62.01,10.03,29.95,2212.89,183.24,2.53,70,82,205,153,98,608,3869,71,115,95.41,1.75,2.84
2005-01-01,MUNICIPIO,35033,ES705,ES705A2,ES705A21,7721,38.8,4016,3705,92.26,7611,110,1.42,1370,5245,1106,638,348,120,17.74,67.93,14.32,47.21,21.09,26.12,80.73,123.87,10.85,31.46,3821.39,202.05,2.88,206,215,647,376,162,1606,7370,184,167,95.45,2.38,2.16
2005-01-01,MUNICIPIO,35034,ES708,ES708A0,ES708A03,8841,35.4,4952,3889,78.53,5958,2883,32.61,1066,7197,578,393,148,37,12.06,81.4,6.54,22.84,8.03,14.81,54.22,184.43,6.4,25.61,21209.4,41.68,13.59,156,241,444,308,167,1316,3008,2756,3077,34.02,31.17,34.8
2005-01-01,MUNICIPIO,38001,ES709,ES709A3,ES709A32,33722,35.3,17711,16011,90.4,19437,14285,42.36,5230,26168,2324,1533,597,194,15.51,77.6,6.89,28.87,8.88,19.99,44.44,225.04,8.35,25.69,10595.2,318.28,134.83,764,1201,2192,1482,634,6273,12757,5409,15556,37.83,16.04,46.13
2005-01-01,MUNICIPIO,38002,ES706,ES706A0,ES706A01,1207,47.4,589,618,104.92,1142,65,5.39,127,748,332,182,112,38,10.52,61.97,27.51,61.36,44.39,16.98,261.42,38.25,11.45,33.73,2500.41,48.27,2.6,28,22,45,39,20,154,1087,26,94,90.06,2.15,7.79
2005-01-01,MUNICIPIO,38003,ES706,ES706A0,ES706A02,1954,40.3,1042,912,87.52,1734,220,11.26,253,1388,313,196,81,36,12.95,71.03,16.02,40.78,22.55,18.23,123.72,80.83,11.5,25.88,4960.68,39.39,4.43,46,53,111,59,34,303,1548,110,296,79.22,5.63,15.15
2005-01-01,MUNICIPIO,38004,ES709,ES709A3,ES709A33,5276,41.5,2558,2718,106.25,5137,139,2.63,740,3563,973,512,330,131,14.03,67.53,18.44,48.08,27.31,20.77,131.49,76.05,13.46,33.92,3436.18,153.54,4.05,133,149,273,240,124,919,4742,189,345,89.88,3.58,6.54
2005-01-01,MUNICIPIO,38005,ES709,ES709A3,ES709A31,7159,40.4,3705,3454,93.23,6093,1066,14.89,1013,5016,1130,680,334,116,14.15,70.07,15.78,42.72,22.53,20.2,111.55,89.65,10.27,29.56,17893.4,40.01,5.96,174,228,394,279,160,1235,5660,266,1233,79.06,3.72,17.22
2005-01-01,MUNICIPIO,38006,ES709,ES709A3,ES709A32,65550,35.8,34305,31245,91.08,41302,24248,36.99,9801,50632,5117,3413,1327,377,14.95,77.24,7.81,29.46,10.11,19.36,52.21,191.54,7.37,25.93,8159.85,803.32,297.16,1332,2326,4035,2824,1359,11876,27776,10847,26927,42.37,16.55,41.08
2005-01-01,MUNICIPIO,38007,ES707,ES707A0,ES707A02,2507,44.9,1274,1233,96.78,2382,125,4.99,264,1628,615,328,207,80,10.53,64.94,24.53,53.99,37.78,16.22,232.95,42.93,13.01,33.66,4349.52,57.64,2.87,49,50,101,87,44,331,2113,22,372,84.28,0.88,14.84
2005-01-01,MUNICIPIO,38008,ES707,ES707A0,ES707A01,7039,38.4,3483,3556,102.1,6435,604,8.58,1150,4887,1002,567,327,108,16.34,69.43,14.23,44.04,20.5,23.53,87.13,114.77,10.78,32.63,3089.34,227.85,19.55,220,247,431,332,151,1381,5680,376,983,80.69,5.34,13.97
2005-01-01,MUNICIPIO,38009,ES707,ES707A0,ES707A01,4355,39.1,2184,2171,99.4,3986,369,8.47,635,3113,607,349,190,68,14.58,71.48,13.94,39.9,19.5,20.4,95.59,104.61,11.2,31.3,1415.88,307.58,26.06,115,122,273,178,89,777,3343,365,647,76.76,8.38,14.86
2005-01-01,MUNICIPIO,38010,ES709,ES709A2,ES709A22,5300,41.7,2720,2580,94.85,5030,270,5.09,674,3687,939,513,317,109,12.72,69.57,17.72,43.75,25.47,18.28,139.32,71.78,11.61,33.76,6636.41,79.86,4.07,98,160,263,214,126,861,4624,102,574,87.25,1.92,10.83
2005-01-01,MUNICIPIO,38011,ES709,ES709A3,ES709A33,20628,37.3,10283,10345,100.6,18821,1807,8.76,3309,14988,2331,1482,671,178,16.04,72.66,11.3,37.63,15.55,22.08,70.44,141.96,7.64,28.79,4948.05,416.89,36.52,561,705,1323,956,424,3969,14975,2684,2969,72.6,13.01,14.39
2005-01-01,MUNICIPIO,38012,ES709,ES709A3,ES709A31,2671,44.5,1364,1307,95.82,2584,87,3.26,281,1779,611,334,221,56,10.52,66.6,22.88,50.14,34.35,15.8,217.44,45.99,9.17,36.17,4524.91,59.03,1.92,57,63,113,69,40,342,2400,81,190,89.85,3.03,7.11
2005-01-01,MUNICIPIO,38013,ES703,ES703A0,ES703A00,5570,42.6,2810,2760,98.22,4707,863,15.49,766,3706,1098,581,350,167,13.75,66.54,19.71,50.3,29.63,20.67,143.34,69.76,15.21,31.88,16428.9,33.9,5.25,117,162,329,206,114,928,3813,265,1492,68.46,4.76,26.79
2005-01-01,MUNICIPIO,38014,ES707,ES707A0,ES707A04,1913,43.4,980,933,95.2,1789,124,6.48,236,1267,410,180,181,49,12.34,66.23,21.43,50.99,32.36,18.63,173.73,57.56,11.95,44.15,5590.02,34.22,2.22,53,36,96,64,41,290,1630,79,204,85.21,4.13,10.66
2005-01-01,MUNICIPIO,38015,ES709,ES709A2,ES709A22,5682,42.2,2808,2874,102.35,5302,380,6.69,676,3976,1030,573,354,103,11.9,69.98,18.13,42.91,25.91,17,152.37,65.63,10,34.37,2743.2,207.13,13.85,104,138,266,218,141,867,4813,165,704,84.71,2.9,12.39
2005-01-01,MUNICIPIO,38016,ES707,ES707A0,ES707A03,1924,47.4,987,937,94.93,1665,259,13.46,203,1182,539,254,197,88,10.55,61.43,28.01,62.77,45.6,17.17,265.52,37.66,16.33,36.55,10258.4,18.76,2.52,28,37,88,72,42,267,1535,66,323,79.78,3.43,16.79
2005-01-01,MUNICIPIO,38017,ES709,ES709A3,ES709A31,33207,35,17219,15988,92.85,25218,7989,24.06,5510,25013,2684,1662,762,260,16.59,75.32,8.08,32.76,10.73,22.03,48.71,205.29,9.69,28.39,16250.4,204.35,49.16,899,1200,2208,1612,781,6700,19574,4767,8866,58.95,14.36,26.7
2005-01-01,MUNICIPIO,38018,ES709,ES709A2,ES709A23,5388,40.4,2640,2748,104.09,5236,152,2.82,727,3799,862,504,273,85,13.49,70.51,16,41.83,22.69,19.14,118.57,84.34,9.86,31.67,2380.47,226.34,6.39,142,121,273,260,129,925,5000,52,336,92.8,0.97,6.24
2005-01-01,MUNICIPIO,38019,ES709,ES709A3,ES709A32,18722,36.6,9497,9225,97.14,15303,3419,18.26,3272,13389,2061,1287,594,180,17.48,71.51,11.01,39.83,15.39,24.44,62.99,158.76,8.73,28.82,14410.2,129.92,23.73,570,688,1305,943,475,3981,13466,1069,4187,71.93,5.71,22.36
2005-01-01,MUNICIPIO,38020,ES709,ES709A3,ES709A33,16489,40.1,8148,8341,102.37,15791,698,4.23,2264,11590,2635,1503,877,255,13.73,70.29,15.98,42.27,22.74,19.53,116.39,85.92,9.68,33.28,10288.8,160.26,6.78,406,413,904,723,378,2824,14519,635,1335,88.05,3.85,8.1
2005-01-01,MUNICIPIO,38021,ES706,ES706A0,ES706A01,2142,45.4,1087,1055,97.06,1985,157,7.33,191,1461,490,244,177,69,8.92,68.21,22.88,46.61,33.54,13.07,256.54,38.98,14.08,36.12,3915.87,54.7,4.01,27,47,74,63,39,250,1892,56,194,88.33,2.61,9.06
2005-01-01,MUNICIPIO,38022,ES709,ES709A2,ES709A23,24290,38.9,12062,12228,101.38,22601,1689,6.95,3633,17321,3336,2004,1075,257,14.96,71.31,13.73,40.23,19.26,20.97,91.82,108.9,7.7,32.22,9585.8,253.4,17.62,600,703,1452,1200,608,4563,20764,478,3048,85.48,1.97,12.55
2005-01-01,MUNICIPIO,38023,ES709,ES709A1,ES709A10,141627,38.5,69858,71769,102.74,133536,8091,5.71,18583,106003,17041,10112,5384,1545,13.12,74.85,12.03,33.61,16.08,17.53,91.7,109.05,9.07,31.59,10245.2,1382.37,78.97,1467,3604,8608,6601,3617,23897,119993,8475,13159,84.72,5.98,9.29
2005-01-01,MUNICIPIO,38024,ES707,ES707A0,ES707A04,19878,39.5,9833,10045,102.16,17671,2207,11.1,3069,13686,3123,1719,1047,357,15.44,68.85,15.71,45.24,22.82,22.42,101.76,98.27,11.43,33.53,3560.43,558.3,61.99,431,597,1306,956,501,3791,15569,919,3390,78.32,4.62,17.05
2005-01-01,MUNICIPIO,38025,ES709,ES709A2,ES709A21,7806,38.4,3961,3845,97.07,7287,519,6.65,1139,5628,1039,631,311,97,14.59,72.1,13.31,38.7,18.46,20.24,91.22,109.62,9.34,29.93,1405.07,555.56,36.94,222,226,448,332,203,1431,6902,182,722,88.42,2.33,9.25
2005-01-01,MUNICIPIO,38026,ES709,ES709A2,ES709A24,40355,37.9,19914,20441,102.65,38494,1861,4.61,6558,28672,5125,3115,1538,472,16.25,71.05,12.7,40.75,17.87,22.87,78.15,127.96,9.21,30.01,20688.7,195.06,9,1087,1446,2592,1929,1004,8058,35862,1410,3083,88.87,3.49,7.64
2005-01-01,MUNICIPIO,38027,ES707,ES707A0,ES707A04,7404,41.2,3763,3641,96.76,6437,967,13.06,1077,4993,1334,678,469,187,14.55,67.44,18.02,48.29,26.72,21.57,123.86,80.73,14.02,35.16,13594,54.47,7.11,204,186,452,316,168,1326,5864,209,1331,79.2,2.82,17.98
2005-01-01,MUNICIPIO,38028,ES709,ES709A2,ES709A24,30613,42.3,14832,15781,106.4,25270,5343,17.45,3460,21692,5461,3178,1722,561,11.3,70.86,17.84,41.13,25.18,15.95,157.83,63.36,10.27,31.53,882.59,3468.54,605.38,517,652,1488,1118,683,4458,20693,3431,6489,67.6,11.21,21.2
2005-01-01,MUNICIPIO,38029,ES707,ES707A0,ES707A03,1795,43.6,907,888,97.91,1597,198,11.03,185,1250,360,171,140,49,10.31,69.64,20.06,43.6,28.8,14.8,194.59,51.39,13.61,38.89,3080.58,58.27,6.43,14,42,78,74,42,250,1288,33,474,71.75,1.84,26.41
2005-01-01,MUNICIPIO,38030,ES707,ES707A0,ES707A02,2424,43.2,1202,1222,101.66,2219,205,8.46,312,1599,513,268,183,62,12.87,65.97,21.16,51.59,32.08,19.51,164.42,60.82,12.09,35.67,3505.04,69.16,5.85,65,71,118,84,36,374,2020,78,326,83.33,3.22,13.45
2005-01-01,MUNICIPIO,38031,ES709,ES709A2,ES709A24,36243,37.9,17998,18245,101.37,33695,2548,7.03,5838,25808,4597,2813,1434,350,16.11,71.21,12.68,40.43,17.81,22.62,78.74,127,7.61,31.19,5646.81,641.83,45.12,1018,1187,2339,1746,920,7210,31029,1127,4087,85.61,3.11,11.28
2005-01-01,MUNICIPIO,38032,ES709,ES709A1,ES709A10,16024,36.6,8387,7637,91.06,15090,934,5.83,2582,12043,1399,908,368,123,16.11,75.16,8.73,33.06,11.62,21.44,54.18,184.56,8.79,26.3,3931.15,407.62,23.76,415,595,1032,739,355,3136,12257,2016,1751,76.49,12.58,10.93
2005-01-01,MUNICIPIO,38033,ES707,ES707A0,ES707A02,5086,44.3,2588,2498,96.52,4918,168,3.3,506,3497,1083,575,360,148,9.95,68.76,21.29,45.44,30.97,14.47,214.03,46.72,13.67,33.24,4287.29,118.63,3.92,66,111,225,162,102,666,4454,185,447,87.57,3.64,8.79
2005-01-01,MUNICIPIO,38034,ES709,ES709A2,ES709A23,5081,39.2,2520,2561,101.63,4860,221,4.35,727,3610,744,423,246,75,14.31,71.05,14.64,40.75,20.61,20.14,102.34,97.72,10.08,33.06,2060.52,246.59,10.73,132,138,289,227,108,894,4558,83,440,89.71,1.63,8.66
2005-01-01,MUNICIPIO,38035,ES709,ES709A3,ES709A31,11737,36.4,6016,5721,95.1,8045,3692,31.46,1990,8685,1062,675,293,94,16.95,74,9.05,35.14,12.23,22.91,53.37,187.38,8.85,27.59,4203.66,279.21,87.83,298,431,862,552,251,2394,6643,969,4125,56.6,8.26,35.15
2005-01-01,MUNICIPIO,38036,ES706,ES706A0,ES706A02,8445,38,4284,4161,97.13,7589,856,10.14,1310,6068,1067,631,320,116,15.51,71.85,12.63,39.17,17.58,21.59,81.45,122.77,10.87,29.99,11313.4,74.65,7.57,240,253,530,389,204,1616,6768,595,1082,80.14,7.05,12.81
2005-01-01,MUNICIPIO,38037,ES707,ES707A0,ES707A01,17788,40.2,8721,9067,103.97,16888,900,5.06,2512,12425,2851,1473,1015,363,14.12,69.85,16.03,43.16,22.95,20.22,113.5,88.11,12.73,35.6,4341.21,409.75,20.73,384,498,1048,766,416,3112,14868,1297,1623,83.58,7.29,9.12
2005-01-01,MUNICIPIO,38038,ES709,ES709A1,ES709A10,221567,39.5,106896,114671,107.27,209229,12338,5.57,30367,159582,31618,17642,10409,3567,13.71,72.02,14.27,38.84,19.81,19.03,104.12,96.04,11.28,32.92,15044,1472.79,82.01,4955,5636,12487,10026,5325,38429,177542,22944,21081,80.13,10.36,9.51
2005-01-01,MUNICIPIO,38039,ES709,ES709A2,ES709A21,12632,37.4,6331,6301,99.53,11186,1446,11.45,2046,9128,1458,888,444,126,16.2,72.26,11.54,38.39,15.97,22.41,71.26,140.33,8.64,30.45,2237.31,564.61,64.63,354,450,837,559,291,2491,9988,652,1992,79.07,5.16,15.77
2005-01-01,MUNICIPIO,38040,ES709,ES709A3,ES709A32,11212,44.6,5663,5549,97.99,5698,5514,49.18,1306,7454,2452,1538,714,200,11.65,66.48,21.87,50.42,32.9,17.52,187.75,53.26,8.16,29.12,5198.76,215.67,106.06,234,286,515,369,217,1621,4947,479,5786,44.12,4.27,51.61
2005-01-01,MUNICIPIO,38041,ES709,ES709A2,ES709A21,8317,38.7,4146,4171,100.6,7610,707,8.5,1301,5873,1143,644,394,105,15.64,70.61,13.74,41.61,19.46,22.15,87.86,113.82,9.19,34.47,1820.11,456.95,38.84,181,280,526,405,198,1590,7019,387,911,84.39,4.65,10.95
2005-01-01,MUNICIPIO,38042,ES709,ES709A2,ES709A22,5497,44.4,2749,2748,99.96,4758,739,13.44,640,3598,1259,732,377,150,11.64,65.45,22.9,52.78,34.99,17.79,196.72,50.83,11.91,29.94,2449.68,224.4,30.17,103,129,250,222,95,799,4461,109,927,81.15,1.98,16.86
2005-01-01,MUNICIPIO,38043,ES709,ES709A2,ES709A21,22384,37.8,11222,11162,99.47,21592,792,3.54,3565,16077,2742,1647,848,247,15.93,71.82,12.25,39.23,17.06,22.17,76.91,130.01,9.01,30.93,2999.64,746.22,26.4,668,730,1414,1009,492,4313,20124,899,1361,89.9,4.02,6.08
2005-01-01,MUNICIPIO,38044,ES709,ES709A2,ES709A22,3096,40.8,1550,1546,99.74,2898,198,6.4,419,2142,535,326,159,50,13.53,69.19,17.28,44.54,24.98,19.56,127.68,78.32,9.35,29.72,2606.48,118.78,7.6,80,70,156,159,85,550,2624,40,432,84.75,1.29,13.95
2005-01-01,MUNICIPIO,38045,ES707,ES707A0,ES707A04,5835,42.7,2933,2902,98.94,5450,385,6.6,754,3923,1158,592,380,186,12.92,67.23,19.85,48.74,29.52,19.22,153.58,65.11,16.06,32.82,1156.38,504.59,33.29,124,161,308,221,120,934,4870,208,757,83.46,3.56,12.97
2005-01-01,MUNICIPIO,38046,ES709,ES709A1,ES709A10,10279,38.1,5089,5190,101.98,10092,187,1.82,1614,7396,1269,769,390,110,15.7,71.95,12.35,38.98,17.16,21.82,78.62,127.19,8.67,30.73,2644.48,388.7,7.07,234,360,641,495,264,1994,9325,428,526,90.72,4.16,5.12
2005-01-01,MUNICIPIO,38047,ES707,ES707A0,ES707A03,2713,43.2,1379,1334,96.74,2312,401,14.78,367,1796,550,302,183,65,13.53,66.2,20.27,51.06,30.62,20.43,149.86,66.73,11.82,33.27,5354.89,50.66,7.49,56,78,147,102,53,436,2125,82,506,78.33,3.02,18.65
2005-01-01,MUNICIPIO,38048,ES703,ES703A0,ES703A00,4907,41.7,2490,2417,97.07,4449,458,9.33,686,3311,910,475,301,134,13.98,67.48,18.54,48.2,27.48,20.72,132.65,75.38,14.73,33.08,10368.5,47.33,4.42,122,142,277,193,100,834,3761,341,805,76.65,6.95,16.41
2005-01-01,MUNICIPIO,38049,ES706,ES706A0,ES706A02,4857,41.9,2464,2393,97.12,3440,1417,29.17,573,3491,793,458,244,91,11.8,71.88,16.33,39.13,22.72,16.41,138.39,72.26,11.48,30.77,3220.82,150.8,44,106,102,245,159,88,700,3063,151,1643,63.06,3.11,33.83
2005-01-01,MUNICIPIO,38050,ES706,ES706A0,ES706A01,3141,48.1,1603,1538,95.95,2937,204,6.49,287,1924,930,478,316,136,9.14,61.25,29.61,63.25,48.34,14.92,324.04,30.86,14.62,33.98,10854.2,28.94,1.88,29,56,135,94,53,367,2801,44,296,89.18,1.4,9.42
2005-01-01,MUNICIPIO,38051,ES709,ES709A2,ES709A21,8393,38.6,4182,4211,100.69,8050,343,4.09,1273,5961,1159,706,384,69,15.17,71.02,13.81,40.8,19.44,21.36,91.04,109.84,5.95,33.13,1808.63,464.05,18.96,237,235,522,383,215,1592,7715,115,563,91.92,1.37,6.71
2005-01-01,MUNICIPIO,38052,ES709,ES709A3,ES709A31,1930,41.2,987,943,95.54,1686,244,12.64,276,1316,338,166,125,47,14.3,68.19,17.51,46.66,25.68,20.97,122.46,81.66,13.91,36.98,5627.11,34.3,4.34,35,56,121,86,47,345,1549,72,309,80.26,3.73,16.01
2005-01-01,MUNICIPIO,38053,ES707,ES707A0,ES707A01,4591,43.5,2319,2272,97.97,4222,369,8.04,610,3006,975,454,341,180,13.29,65.48,21.24,52.73,32.44,20.29,159.84,62.56,18.46,34.97,7067.2,64.96,5.22,47,128,275,228,104,782,3782,129,680,82.38,2.81,14.81
2006-01-01,MUNICIPIO,35001,ES705,ES705A2,ES705A22,5638,40.6,2878,2760,95.9,5399,239,4.24,797,3893,948,531,318,99,14.14,69.05,16.81,44.82,24.35,20.47,118.95,84.07,10.44,33.54,4451.16,126.66,5.37,156,172,274,264,128,994,5126,230,282,90.92,4.08,5
2006-01-01,MUNICIPIO,35002,ES705,ES705A3,ES705A32,26593,34.7,13672,12921,94.51,24343,2250,8.46,4820,19633,2140,1371,629,140,18.13,73.83,8.05,35.45,10.9,24.55,44.4,225.23,6.54,29.39,7889.72,337.06,28.52,1040,985,1846,1257,687,5815,22506,1407,2680,84.63,5.29,10.08
2006-01-01,MUNICIPIO,35003,ES704,ES704A0,ES704A01,8206,35.1,4538,3668,80.83,5424,2782,33.9,1252,6466,488,304,143,41,15.26,78.8,5.95,26.91,7.55,19.36,38.98,256.56,8.4,29.3,25024.8,32.79,11.12,234,261,514,325,165,1499,3774,1497,2935,45.99,18.24,35.77
2006-01-01,MUNICIPIO,35004,ES708,ES708A0,ES708A01,55203,34.3,28471,26732,93.89,43321,11882,21.52,9677,41549,3977,2369,1216,392,17.53,75.27,7.2,32.86,9.57,23.29,41.1,243.32,9.86,30.58,2427.54,2274.03,489.47,2141,2031,3554,2609,1369,11704,34041,8309,12853,61.67,15.05,23.28
2006-01-01,MUNICIPIO,35005,ES705,ES705A2,ES705A23,1306,44.6,695,611,87.91,1302,4,0.31,100,932,274,148,102,24,7.66,71.36,20.98,40.13,29.4,10.73,274,36.5,8.76,37.23,6641.9,19.66,0.06,13,18,45,37,26,139,1263,26,17,96.71,1.99,1.3
2006-01-01,MUNICIPIO,35006,ES705,ES705A1,ES705A10,34874,37.9,17525,17349,99,34433,441,1.26,5728,24729,4417,2627,1453,337,16.42,70.91,12.67,41.02,17.86,23.16,77.11,129.68,7.63,32.9,3283.87,1061.98,13.43,1160,1149,2215,1579,813,6916,32847,1113,914,94.19,3.19,2.62
2006-01-01,MUNICIPIO,35007,ES704,ES704A0,ES704A01,705,42.6,352,353,100.28,630,75,10.64,92,478,135,60,49,26,13.05,67.8,19.15,47.49,28.24,19.25,146.74,68.15,19.26,36.3,10370.9,6.8,0.72,8,15,40,38,17,118,617,15,73,87.52,2.13,10.35
2006-01-01,MUNICIPIO,35008,ES705,ES705A2,ES705A21,7188,39.1,3663,3525,96.23,7086,102,1.42,1102,5063,1023,616,305,102,15.33,70.44,14.23,41.97,20.21,21.77,92.83,107.72,9.97,29.81,1602.78,448.47,6.36,217,204,445,320,201,1387,6842,185,161,95.19,2.57,2.24
2006-01-01,MUNICIPIO,35009,ES705,ES705A2,ES705A22,23453,38.7,11802,11651,98.72,23168,285,1.22,3605,16533,3315,1939,1071,305,15.37,70.49,14.13,41.86,20.05,21.8,91.96,108.75,9.2,32.31,6254.51,374.98,4.56,743,621,1380,1134,611,4489,22624,398,431,96.47,1.7,1.84
2006-01-01,MUNICIPIO,35010,ES708,ES708A0,ES708A02,5004,40.8,2612,2392,91.58,4236,768,15.35,726,3496,782,463,225,94,14.51,69.86,15.63,43.14,22.37,20.77,107.71,92.84,12.02,28.77,14565.3,34.36,5.27,140,125,307,204,98,874,3705,464,835,74.04,9.27,16.69
2006-01-01,MUNICIPIO,35011,ES705,ES705A3,ES705A32,27934,35.6,14239,13695,96.18,26726,1208,4.32,4776,20525,2633,1618,814,201,17.1,73.48,9.43,36.1,12.83,23.27,55.13,181.39,7.63,30.92,3908.81,714.64,30.9,985,947,1794,1400,792,5918,25580,855,1499,91.57,3.06,5.37
2006-01-01,MUNICIPIO,35012,ES705,ES705A3,ES705A31,16569,37.3,8791,7778,88.48,11130,5439,32.83,2652,12274,1643,1076,453,114,16.01,74.08,9.92,34.99,13.39,21.61,61.95,161.41,6.94,27.57,17142,96.66,31.73,382,559,1104,788,383,3216,9623,1273,5673,58.08,7.68,34.24
2006-01-01,MUNICIPIO,35013,ES705,ES705A2,ES705A22,7808,42.2,3954,3854,97.47,7760,48,0.61,860,5544,1404,809,475,120,11.01,71,17.98,40.84,25.32,15.51,163.26,61.25,8.55,33.83,3220.46,242.45,1.49,168,67,401,299,185,1120,7518,157,133,96.29,2.01,1.7
2006-01-01,MUNICIPIO,35014,ES704,ES704A0,ES704A02,18884,34,10307,8577,83.22,12105,6779,35.9,3100,14710,1074,700,284,90,16.42,77.9,5.69,28.38,7.3,21.07,34.65,288.64,8.38,26.44,35533.4,53.14,19.08,653,696,1214,731,390,3684,7497,4279,7108,39.7,22.66,37.64
2006-01-01,MUNICIPIO,35015,ES704,ES704A0,ES704A03,18494,33.9,10284,8210,79.83,12321,6173,33.38,2538,15076,880,639,191,50,13.72,81.52,4.76,22.67,5.84,16.83,34.67,288.41,5.68,21.7,38493.8,48.04,16.04,550,584,939,644,303,3020,6803,5184,6507,36.78,28.03,35.18
2006-01-01,MUNICIPIO,35016,ES705,ES705A1,ES705A10,377056,39.1,184295,192761,104.59,351468,25588,6.79,55014,270237,51805,29932,16910,4963,14.59,71.67,13.74,39.53,19.17,20.36,94.17,106.19,9.58,32.64,10331.6,3649.54,247.67,10213,11561,21797,15450,8763,67784,305533,36423,35100,81.03,9.66,9.31
2006-01-01,MUNICIPIO,35017,ES704,ES704A0,ES704A02,30555,34,16080,14475,90.02,25947,4608,15.08,5081,23623,1851,1009,628,214,16.63,77.31,6.06,29.34,7.84,21.51,36.43,274.5,11.56,33.93,29077.1,105.08,15.85,676,1080,2236,1438,808,6238,17426,7651,5478,57.03,25.04,17.93
2006-01-01,MUNICIPIO,35018,ES708,ES708A0,ES708A01,17610,33.8,9141,8469,92.65,14607,3003,17.05,3324,13209,1077,686,282,109,18.88,75.01,6.12,33.32,8.15,25.16,32.4,308.64,10.12,26.18,4076.11,432.03,73.67,682,725,1264,867,399,3937,9948,4226,3436,56.49,24,19.51
2006-01-01,MUNICIPIO,35019,ES705,ES705A3,ES705A31,47922,37,25001,22921,91.68,35706,12216,25.49,7451,36165,4306,2912,1095,299,15.55,75.47,8.99,32.51,11.91,20.6,57.79,173.04,6.94,25.43,33241.9,144.16,36.75,1263,1583,2976,2161,1147,9130,29323,4996,13603,61.19,10.43,28.39
2006-01-01,MUNICIPIO,35020,ES705,ES705A2,ES705A23,8409,38.8,4345,4064,93.53,7819,590,7.02,1243,5878,1288,769,412,107,14.78,69.9,15.32,43.06,21.91,21.15,103.62,96.51,8.31,31.99,12370.8,67.97,4.77,194,257,507,408,206,1572,7649,147,613,90.96,1.75,7.29
2006-01-01,MUNICIPIO,35021,ES705,ES705A1,ES705A10,18760,38.3,9360,9400,100.43,18061,699,3.73,2893,13697,2170,1268,712,190,15.42,73.01,11.57,36.96,15.84,21.12,75.01,133.32,8.76,32.81,2383.19,787.18,29.33,449,555,1232,906,469,3611,16451,1277,1032,87.69,6.81,5.5
2006-01-01,MUNICIPIO,35022,ES705,ES705A3,ES705A32,57211,33.6,29124,28087,96.44,49167,8044,14.06,11271,41878,4062,2552,1214,296,19.7,73.2,7.1,36.61,9.7,26.91,36.04,277.47,7.29,29.89,6252.83,914.96,128.65,2287,2371,4365,3027,1497,13547,44527,3561,9123,77.83,6.22,15.95
2006-01-01,MUNICIPIO,35023,ES705,ES705A2,ES705A22,14048,40,7014,7034,100.29,13884,164,1.17,2032,9755,2261,1273,743,245,14.46,69.44,16.09,44.01,23.18,20.83,111.27,89.87,10.84,32.86,4261.82,329.62,3.85,293,378,847,696,377,2591,13465,306,277,95.85,2.18,1.97
2006-01-01,MUNICIPIO,35024,ES708,ES708A0,ES708A02,16616,36.1,8496,8120,95.57,13280,3336,20.08,2862,12278,1476,924,428,124,17.22,73.89,8.88,35.33,12.02,23.31,51.57,193.9,8.4,29,22400.6,74.18,14.89,606,594,1084,754,363,3401,10413,2608,3595,62.67,15.7,21.64
2006-01-01,MUNICIPIO,35025,ES705,ES705A2,ES705A23,2286,45.7,1198,1088,90.82,2245,41,1.79,176,1613,497,288,144,65,7.7,70.56,21.74,41.72,30.81,10.91,282.39,35.41,13.08,28.97,10386.3,22.01,0.39,34,26,79,60,50,249,2188,44,54,95.71,1.92,2.36
2006-01-01,MUNICIPIO,35026,ES705,ES705A1,ES705A10,97525,35.8,48745,48780,100.07,94770,2755,2.82,17025,70942,9558,5909,2811,838,17.46,72.74,9.8,37.47,13.47,24,56.14,178.12,8.77,29.41,10033.1,972.03,27.46,3595,3436,6530,4647,2607,20815,88325,5064,4136,90.57,5.19,4.24
2006-01-01,MUNICIPIO,35027,ES705,ES705A2,ES705A21,12175,40.3,6169,6006,97.36,12004,171,1.4,1660,8592,1923,1175,586,162,13.63,70.57,15.79,41.7,22.38,19.32,115.84,86.32,8.42,30.47,2580.73,471.77,6.63,158,341,745,549,286,2079,11569,241,365,95.02,1.98,3
2006-01-01,MUNICIPIO,35028,ES708,ES708A0,ES708A01,17884,36.5,9334,8550,91.6,10448,7436,41.58,2748,13687,1449,972,366,111,15.37,76.53,8.1,30.66,10.59,20.08,52.73,189.65,7.66,25.26,6432.05,278.05,115.61,536,559,1119,723,381,3318,7444,2852,7588,41.62,15.95,42.43
2006-01-01,MUNICIPIO,35029,ES708,ES708A0,ES708A03,5476,36,2893,2583,89.28,4719,757,13.82,920,4047,509,301,138,70,16.8,73.9,9.3,35.31,12.58,22.73,55.33,180.75,13.75,27.11,13577.9,40.33,5.58,204,181,369,221,125,1100,4146,506,824,75.71,9.24,15.05
2006-01-01,MUNICIPIO,35030,ES704,ES704A0,ES704A03,12836,34.1,6811,6025,88.46,10755,2081,16.21,2408,9409,1019,601,306,112,18.76,73.3,7.94,36.42,10.83,25.59,42.32,236.31,10.99,30.03,27629.8,46.46,7.53,484,493,966,638,324,2905,8300,2229,2307,64.66,17.37,17.97
2006-01-01,MUNICIPIO,35031,ES705,ES705A2,ES705A21,8583,36.5,4382,4201,95.87,8238,345,4.02,1502,6167,914,543,297,74,17.5,71.85,10.65,39.18,14.82,24.36,60.85,164.33,8.1,32.49,3880.13,221.2,8.89,285,312,581,433,234,1845,7913,266,404,92.19,3.1,4.71
2006-01-01,MUNICIPIO,35032,ES705,ES705A2,ES705A21,4050,42.8,2128,1922,90.32,4009,41,1.01,461,2807,782,454,252,76,11.38,69.31,19.31,44.28,27.86,16.42,169.63,58.95,9.72,32.23,2212.89,183.02,1.85,81,82,181,156,86,586,3872,77,101,95.6,1.9,2.49
2006-01-01,MUNICIPIO,35033,ES705,ES705A2,ES705A21,7661,39.4,3979,3682,92.54,7566,95,1.24,1250,5293,1118,638,352,128,16.32,69.09,14.59,44.74,21.12,23.62,89.44,111.81,11.45,31.48,3821.39,200.48,2.49,187,220,516,427,152,1502,7304,196,161,95.34,2.56,2.1
2006-01-01,MUNICIPIO,35034,ES708,ES708A0,ES708A03,9664,35.9,5386,4278,79.43,6327,3337,34.53,1152,7852,660,458,163,39,11.92,81.25,6.83,23.08,8.41,14.67,57.29,174.55,5.91,24.7,21209.4,45.56,15.73,155,248,506,318,165,1392,3164,2955,3545,32.74,30.58,36.68
2006-01-01,MUNICIPIO,38001,ES709,ES709A3,ES709A32,36764,35.5,19264,17500,90.84,20114,16650,45.29,5707,28445,2612,1760,656,196,15.52,77.37,7.1,29.25,9.18,20.06,45.77,218.49,7.5,25.11,10595.2,346.99,157.15,1055,1201,2330,1491,783,6860,13330,5445,17989,36.26,14.81,48.93
2006-01-01,MUNICIPIO,38002,ES706,ES706A0,ES706A01,1166,47.7,576,590,102.43,1120,46,3.95,118,711,337,186,117,34,10.12,60.98,28.9,63.99,47.4,16.6,285.59,35.01,10.09,34.72,2500.41,46.63,1.84,26,25,40,42,13,146,1067,22,77,91.51,1.89,6.6
2006-01-01,MUNICIPIO,38003,ES706,ES706A0,ES706A02,2054,40.3,1108,946,85.38,1793,261,12.71,270,1458,326,194,96,36,13.15,70.98,15.87,40.88,22.36,18.52,120.74,82.82,11.04,29.45,4960.68,41.41,5.26,51,59,114,64,37,325,1598,115,341,77.8,5.6,16.6
2006-01-01,MUNICIPIO,38004,ES709,ES709A3,ES709A33,5257,42,2533,2724,107.54,5119,138,2.63,707,3559,991,498,353,140,13.45,67.7,18.85,47.71,27.84,19.87,140.17,71.34,14.13,35.62,3436.18,152.99,4.02,97,167,286,223,110,883,4722,192,343,89.82,3.65,6.52
2006-01-01,MUNICIPIO,38005,ES709,ES709A3,ES709A31,7104,40.9,3670,3434,93.57,6027,1077,15.16,968,4968,1168,707,343,118,13.63,69.93,16.44,43,23.51,19.48,120.66,82.88,10.1,29.37,17893.4,39.7,6.02,157,215,400,278,133,1183,5593,261,1250,78.73,3.67,17.6
2006-01-01,MUNICIPIO,38006,ES709,ES709A3,ES709A32,69100,36.4,36072,33028,91.56,41866,27234,39.41,10034,53245,5821,4024,1430,367,14.52,77.05,8.42,29.78,10.93,18.84,58.01,172.38,6.3,24.57,8159.85,846.83,333.76,1510,2256,4209,2796,1447,12218,28279,10818,30003,40.92,15.66,43.42
2006-01-01,MUNICIPIO,38007,ES707,ES707A0,ES707A02,2506,45.6,1265,1241,98.1,2443,63,2.51,246,1625,635,320,233,82,9.82,64.84,25.34,54.22,39.08,15.14,258.13,38.74,12.91,36.69,4349.52,57.62,1.45,37,48,94,90,47,316,2108,30,368,84.12,1.2,14.68
2006-01-01,MUNICIPIO,38008,ES707,ES707A0,ES707A01,7158,38.6,3517,3641,103.53,6573,585,8.17,1156,4964,1038,588,336,114,16.15,69.35,14.5,44.2,20.91,23.29,89.79,111.37,10.98,32.37,3089.34,231.7,18.94,246,244,420,333,157,1400,5758,386,1014,80.44,5.39,14.17
2006-01-01,MUNICIPIO,38009,ES707,ES707A0,ES707A01,4470,39.4,2263,2207,97.53,4084,386,8.64,637,3193,640,369,206,65,14.25,71.43,14.32,39.99,20.04,19.95,100.47,99.53,10.16,32.19,1415.88,315.7,27.26,105,121,273,178,97,774,3390,416,664,75.84,9.31,14.85
2006-01-01,MUNICIPIO,38010,ES709,ES709A2,ES709A22,5225,42.3,2664,2561,96.13,5000,225,4.31,646,3599,980,539,332,109,12.36,68.88,18.76,45.18,27.23,17.95,151.7,65.92,11.12,33.88,6636.41,78.73,3.39,87,158,257,205,122,829,4579,102,544,87.64,1.95,10.41
2006-01-01,MUNICIPIO,38011,ES709,ES709A3,ES709A33,21415,37.7,10603,10812,101.97,19615,1800,8.41,3350,15622,2443,1542,706,195,15.64,72.95,11.41,37.08,15.64,21.44,72.93,137.13,7.98,28.9,4948.05,432.8,36.38,596,694,1313,988,449,4040,15536,2780,3099,72.55,12.98,14.47
2006-01-01,MUNICIPIO,38012,ES709,ES709A3,ES709A31,2697,44.7,1378,1319,95.72,2623,74,2.74,284,1801,612,333,212,67,10.53,66.78,22.69,49.75,33.98,15.77,215.49,46.41,10.95,34.64,4524.91,59.6,1.64,59,60,112,70,44,345,2437,76,184,90.36,2.82,6.82
2006-01-01,MUNICIPIO,38013,ES703,ES703A0,ES703A00,5733,42.9,2899,2834,97.76,4834,899,15.68,769,3801,1163,642,352,169,13.41,66.3,20.29,50.83,30.6,20.23,151.24,66.12,14.53,30.27,16428.9,34.9,5.47,105,173,315,225,99,917,3845,282,1606,67.07,4.92,28.01
2006-01-01,MUNICIPIO,38014,ES707,ES707A0,ES707A04,1935,43.7,989,946,95.65,1787,148,7.65,242,1276,417,189,173,55,12.51,65.94,21.55,51.65,32.68,18.97,172.31,58.03,13.19,41.49,5590.02,34.62,2.65,46,41,106,63,41,297,1620,72,243,83.72,3.72,12.56
2006-01-01,MUNICIPIO,38015,ES709,ES709A2,ES709A22,5543,42.7,2750,2793,101.56,5295,248,4.47,638,3876,1029,573,350,106,11.51,69.93,18.56,43.01,26.55,16.46,161.29,62,10.3,34.01,2743.2,202.06,9.04,101,129,250,212,113,805,4780,160,603,86.23,2.89,10.88
2006-01-01,MUNICIPIO,38016,ES707,ES707A0,ES707A03,1886,48,973,913,93.83,1633,253,13.41,203,1150,533,244,201,88,10.76,60.98,28.26,64,46.35,17.65,262.56,38.09,16.51,37.71,10258.4,18.38,2.47,33,31,81,69,41,255,1495,67,324,79.27,3.55,17.18
2006-01-01,MUNICIPIO,38017,ES709,ES709A3,ES709A31,34595,35.2,17893,16702,93.34,25930,8665,25.05,5641,26131,2823,1763,806,254,16.31,75.53,8.16,32.39,10.8,21.59,50.04,199.82,9,28.55,16250.4,212.89,53.32,914,1240,2283,1655,824,6916,19923,4823,9849,57.59,13.94,28.47
2006-01-01,MUNICIPIO,38018,ES709,ES709A2,ES709A23,5420,40.7,2659,2761,103.84,5260,160,2.95,708,3820,892,520,294,78,13.06,70.48,16.46,41.88,23.35,18.53,125.99,79.37,8.74,32.96,2380.47,227.69,6.72,130,127,280,245,136,918,4986,62,372,91.99,1.14,6.86
2006-01-01,MUNICIPIO,38019,ES709,ES709A3,ES709A32,19320,37,9801,9519,97.12,15641,3679,19.04,3290,13813,2217,1391,638,188,17.03,71.5,11.48,39.87,16.05,23.82,67.39,148.4,8.48,28.78,14410.2,134.07,25.53,551,703,1348,954,468,4024,13737,1064,4519,71.1,5.51,23.39
2006-01-01,MUNICIPIO,38020,ES709,ES709A3,ES709A33,16603,40.2,8204,8399,102.38,15980,623,3.75,2322,11598,2683,1516,911,256,13.99,69.85,16.16,43.15,23.13,20.02,115.55,86.54,9.54,33.95,10288.8,161.37,6.06,479,429,897,702,370,2877,14636,665,1302,88.15,4.01,7.84
2006-01-01,MUNICIPIO,38021,ES706,ES706A0,ES706A01,2147,45.8,1095,1052,96.07,1982,165,7.69,195,1457,495,227,196,72,9.08,67.86,23.06,47.36,33.97,13.38,253.85,39.39,14.55,39.6,3915.87,54.83,4.21,28,39,82,59,39,247,1887,57,203,87.89,2.65,9.46
2006-01-01,MUNICIPIO,38022,ES709,ES709A2,ES709A23,24179,39.5,12000,12179,101.49,22640,1539,6.37,3449,17264,3466,2069,1132,265,14.26,71.4,14.33,40.05,20.08,19.98,100.49,99.51,7.65,32.66,9585.8,252.24,16.05,552,638,1429,1134,634,4387,20694,490,2995,85.59,2.03,12.39
2006-01-01,MUNICIPIO,38023,ES709,ES709A1,ES709A10,142161,38.9,69995,72166,103.1,135030,7131,5.02,18225,106317,17619,10378,5635,1606,12.82,74.79,12.39,33.71,16.57,17.14,96.67,103.44,9.12,31.98,10245.2,1387.59,69.6,1744,3346,8363,6438,3478,23369,120724,8719,12718,84.92,6.13,8.95
2006-01-01,MUNICIPIO,38024,ES707,ES707A0,ES707A04,20173,40,9942,10231,102.91,17878,2295,11.38,3078,13847,3248,1734,1112,402,15.26,68.64,16.1,45.68,23.46,22.23,105.52,94.77,12.38,34.24,3560.43,566.59,64.46,478,590,1255,990,473,3786,15694,935,3544,77.8,4.63,17.57
2006-01-01,MUNICIPIO,38025,ES709,ES709A2,ES709A21,7972,38.6,4049,3923,96.89,7432,540,6.77,1199,5677,1096,675,327,94,15.04,71.21,13.75,40.43,19.31,21.12,91.41,109.4,8.58,29.84,1405.07,567.37,38.43,260,233,440,332,201,1466,7024,194,754,88.11,2.43,9.46
2006-01-01,MUNICIPIO,38026,ES709,ES709A2,ES709A24,40644,38.3,20088,20556,102.33,38631,2013,4.95,6515,28791,5338,3199,1646,493,16.03,70.84,13.13,41.17,18.54,22.63,81.93,122.05,9.24,30.84,20688.7,196.46,9.73,1063,1371,2645,1916,1008,8003,35880,1428,3336,88.28,3.51,8.21
2006-01-01,MUNICIPIO,38027,ES707,ES707A0,ES707A04,7505,41.7,3802,3703,97.4,6471,1034,13.78,1066,5053,1386,709,472,205,14.2,67.33,18.47,48.53,27.43,21.1,130.02,76.91,14.79,34.05,13594,55.21,7.61,185,206,429,328,164,1312,5872,210,1423,78.24,2.8,18.96
2006-01-01,MUNICIPIO,38028,ES709,ES709A2,ES709A24,30585,43,14835,15750,106.17,25195,5390,17.62,3314,21494,5777,3408,1806,563,10.84,70.28,18.89,42.3,26.88,15.42,174.32,57.37,9.75,31.26,882.59,3465.37,610.7,479,677,1394,1028,648,4226,20470,3474,6641,66.93,11.36,21.71
2006-01-01,MUNICIPIO,38029,ES707,ES707A0,ES707A03,1962,43,990,972,98.18,1708,254,12.95,232,1357,373,175,144,54,11.82,69.16,19.01,44.58,27.49,17.1,160.78,62.2,14.48,38.61,3080.58,63.69,8.25,30,41,100,75,42,288,1367,47,548,69.67,2.4,27.93
2006-01-01,MUNICIPIO,38030,ES707,ES707A0,ES707A02,2368,44.2,1174,1194,101.7,2192,176,7.43,290,1560,518,272,182,64,12.25,65.88,21.88,51.79,33.21,18.59,178.62,55.98,12.36,35.14,3505.04,67.56,5.02,52,74,114,69,42,351,1987,75,306,83.91,3.17,12.92
2006-01-01,MUNICIPIO,38031,ES709,ES709A2,ES709A24,36746,38.4,18228,18518,101.59,34079,2667,7.26,5796,26085,4865,2948,1542,375,15.77,70.99,13.24,40.87,18.65,22.22,83.94,119.14,7.71,31.7,5646.81,650.74,47.23,888,1255,2359,1746,916,7164,31306,1138,4302,85.2,3.1,11.71
2006-01-01,MUNICIPIO,38032,ES709,ES709A1,ES709A10,16111,37.2,8442,7669,90.84,15145,966,6,2594,12006,1511,932,427,152,16.1,74.52,9.38,34.19,12.59,21.61,58.25,171.67,10.06,28.26,3931.15,409.83,24.57,426,583,1048,709,351,3117,12350,1955,1806,76.66,12.13,11.21
2006-01-01,MUNICIPIO,38033,ES707,ES707A0,ES707A02,5020,44.7,2540,2480,97.64,4885,135,2.69,500,3425,1095,567,379,149,9.96,68.23,21.81,46.57,31.97,14.6,219,45.66,13.61,34.61,4287.29,117.09,3.15,78,105,211,141,106,641,4418,180,422,88.01,3.59,8.41
2006-01-01,MUNICIPIO,38034,ES709,ES709A2,ES709A23,5096,39.6,2523,2573,101.98,4930,166,3.26,714,3628,754,413,266,75,14.01,71.19,14.8,40.46,20.78,19.68,105.6,94.69,9.95,35.28,2060.52,247.32,8.06,130,136,287,215,114,882,4604,78,414,90.35,1.53,8.12
2006-01-01,MUNICIPIO,38035,ES709,ES709A3,ES709A31,12609,36.8,6479,6130,94.61,8450,4159,32.98,2090,9369,1150,745,314,91,16.58,74.3,9.12,34.58,12.27,22.31,55.02,181.74,7.91,27.3,4203.66,299.95,98.94,278,436,947,574,284,2519,6936,1024,4649,55.01,8.12,36.87
2006-01-01,MUNICIPIO,38036,ES706,ES706A0,ES706A02,8451,38.4,4276,4175,97.64,7595,856,10.13,1301,6069,1081,628,339,114,15.39,71.81,12.79,39.25,17.81,21.44,83.09,120.35,10.55,31.36,11313.4,74.7,7.57,245,274,510,366,204,1599,6750,581,1120,79.87,6.87,13.25
2006-01-01,MUNICIPIO,38037,ES707,ES707A0,ES707A01,17640,40.4,8644,8996,104.07,16735,905,5.13,2501,12239,2900,1502,1027,371,14.18,69.38,16.44,44.13,23.69,20.43,115.95,86.24,12.79,35.41,4341.21,406.34,20.85,401,476,1034,768,403,3082,14648,1269,1723,83.04,7.19,9.77
2006-01-01,MUNICIPIO,38038,ES709,ES709A1,ES709A10,223148,39.7,107638,115510,107.31,210828,12320,5.52,30439,160407,32302,17818,10757,3727,13.64,71.88,14.48,39.11,20.14,18.98,106.12,94.23,11.54,33.3,15044,1483.3,81.89,5552,5633,12227,9677,5377,38466,178315,22920,21913,79.91,10.27,9.82
2006-01-01,MUNICIPIO,38039,ES709,ES709A2,ES709A21,12835,37.8,6431,6404,99.58,11332,1503,11.71,2029,9295,1511,923,468,120,15.81,72.42,11.77,38.08,16.26,21.83,74.47,134.28,7.94,30.97,2237.31,573.68,67.18,345,422,844,560,303,2474,10069,665,2101,78.45,5.18,16.37
2006-01-01,MUNICIPIO,38040,ES709,ES709A3,ES709A32,11379,45.1,5776,5603,97,5735,5644,49.6,1309,7437,2633,1632,774,227,11.5,65.36,23.14,53.01,35.4,17.6,201.15,49.72,8.62,29.4,5198.76,218.88,108.56,239,264,542,356,207,1608,4962,482,5935,43.61,4.24,52.16
2006-01-01,MUNICIPIO,38041,ES709,ES709A2,ES709A21,8514,38.9,4238,4276,100.9,7781,733,8.61,1303,6036,1175,670,397,108,15.3,70.89,13.8,41.05,19.47,21.59,90.18,110.89,9.19,33.79,1820.11,467.77,40.27,190,280,537,408,184,1599,7165,399,950,84.16,4.69,11.16
2006-01-01,MUNICIPIO,38042,ES709,ES709A2,ES709A22,5456,44.8,2744,2712,98.83,4793,663,12.15,617,3547,1292,732,402,158,11.31,65.01,23.68,53.82,36.43,17.39,209.4,47.76,12.23,31.11,2449.68,222.72,27.06,110,119,251,197,104,781,4465,116,875,81.84,2.13,16.04
2006-01-01,MUNICIPIO,38043,ES709,ES709A2,ES709A21,22695,38,11378,11317,99.46,21871,824,3.63,3634,16256,2805,1665,893,247,16.01,71.63,12.36,39.61,17.26,22.35,77.19,129.55,8.81,31.84,2999.64,756.59,27.47,722,744,1393,1017,506,4382,20375,909,1411,89.78,4.01,6.22
2006-01-01,MUNICIPIO,38044,ES709,ES709A2,ES709A22,3042,41.2,1514,1528,100.92,2905,137,4.5,411,2084,547,327,172,48,13.51,68.51,17.98,45.97,26.25,19.72,133.09,75.14,8.78,31.44,2606.48,116.71,5.26,74,77,161,142,92,546,2611,39,392,85.83,1.28,12.89
2006-01-01,MUNICIPIO,38045,ES707,ES707A0,ES707A04,5830,43.3,2948,2882,97.76,5412,418,7.17,715,3947,1168,581,396,191,12.26,67.7,20.03,47.71,29.59,18.12,163.36,61.22,16.35,33.9,1156.38,504.16,36.15,105,152,296,224,126,903,4838,216,776,82.98,3.7,13.31
2006-01-01,MUNICIPIO,38046,ES709,ES709A1,ES709A10,10393,38.3,5157,5236,101.53,10208,185,1.78,1605,7498,1290,769,397,124,15.44,72.14,12.41,38.61,17.2,21.41,80.37,124.42,9.61,30.78,2644.48,393.01,7,247,336,664,495,245,1987,9401,452,540,90.46,4.35,5.2
2006-01-01,MUNICIPIO,38047,ES707,ES707A0,ES707A03,2720,43.6,1389,1331,95.82,2275,445,16.36,358,1793,569,315,190,64,13.16,65.92,20.92,51.7,31.73,19.97,158.94,62.92,11.25,33.39,5354.89,50.79,8.31,48,83,145,113,42,431,2099,75,546,77.17,2.76,20.07
2006-01-01,MUNICIPIO,38048,ES703,ES703A0,ES703A00,4955,41.8,2523,2432,96.39,4537,418,8.44,699,3325,931,472,331,128,14.11,67.1,18.79,49.02,28,21.02,133.19,75.08,13.75,35.55,10368.5,47.79,4.03,133,127,288,202,94,844,3788,350,817,76.45,7.06,16.49
2006-01-01,MUNICIPIO,38049,ES706,ES706A0,ES706A02,5040,42,2578,2462,95.5,3447,1593,31.61,602,3630,808,468,248,92,11.94,72.02,16.03,38.84,22.26,16.58,134.22,74.5,11.39,30.69,3220.82,156.48,49.46,124,121,232,169,76,722,3051,162,1827,60.54,3.21,36.25
2006-01-01,MUNICIPIO,38050,ES706,ES706A0,ES706A01,3094,48.7,1569,1525,97.2,2901,193,6.24,278,1870,946,486,330,130,8.99,60.44,30.58,65.45,50.59,14.87,340.29,29.39,13.74,34.88,10854.2,28.51,1.78,24,53,130,88,54,349,2750,50,294,88.88,1.62,9.5
2006-01-01,MUNICIPIO,38051,ES709,ES709A2,ES709A21,8432,39,4212,4220,100.19,8109,323,3.83,1247,5981,1204,727,403,74,14.79,70.93,14.28,40.98,20.13,20.85,96.55,103.57,6.15,33.47,1808.63,466.21,17.86,230,234,506,368,206,1544,7740,136,556,91.79,1.61,6.59
2006-01-01,MUNICIPIO,38052,ES709,ES709A3,ES709A31,1905,41.2,980,925,94.39,1684,221,11.6,278,1286,341,181,114,46,14.59,67.51,17.9,48.13,26.52,21.62,122.66,81.52,13.49,33.43,5627.11,33.85,3.93,53,42,123,84,47,349,1553,63,289,81.52,3.31,15.17
2006-01-01,MUNICIPIO,38053,ES707,ES707A0,ES707A01,4889,42.7,2472,2417,97.78,4449,440,9,677,3225,987,481,354,152,13.85,65.96,20.19,51.6,30.6,20.99,145.79,68.59,15.4,35.87,7067.2,69.18,6.23,91,141,272,227,126,857,3925,163,801,80.28,3.33,16.38
2007-01-01,MUNICIPIO,35001,ES705,ES705A2,ES705A22,5710,41.1,2899,2811,96.96,5453,257,4.5,782,3956,972,526,341,105,13.7,69.28,17.02,44.34,24.57,19.77,124.3,80.45,10.8,35.08,4451.16,128.28,5.77,159,164,268,257,123,971,5176,237,297,90.65,4.15,5.2
2007-01-01,MUNICIPIO,35002,ES705,ES705A3,ES705A32,27310,34.9,13969,13341,95.5,25222,2088,7.65,4993,20104,2213,1394,679,140,18.28,73.61,8.1,35.84,11.01,24.84,44.32,225.62,6.33,30.68,7889.72,346.15,26.46,1088,1063,1911,1256,655,5973,23383,1424,2503,85.62,5.21,9.17
2007-01-01,MUNICIPIO,35003,ES704,ES704A0,ES704A01,9204,35.6,5074,4130,81.4,5861,3343,36.32,1368,7286,550,358,150,42,14.86,79.16,5.98,26.32,7.55,18.78,40.2,248.73,7.64,27.27,25024.8,36.78,13.36,304,265,551,339,179,1638,4057,1660,3487,44.08,18.04,37.89
2007-01-01,MUNICIPIO,35004,ES708,ES708A0,ES708A01,56834,34.5,29360,27474,93.58,43802,13032,22.93,10043,42724,4067,2431,1248,388,17.67,75.17,7.16,33.03,9.52,23.51,40.5,246.94,9.54,30.69,2427.54,2341.22,536.84,2254,2100,3730,2612,1401,12097,34292,8243,14299,60.34,14.5,25.16
2007-01-01,MUNICIPIO,35005,ES705,ES705A2,ES705A23,1300,45,696,604,86.78,1291,9,0.69,99,934,267,137,108,22,7.62,71.85,20.54,39.19,28.59,10.6,269.7,37.08,8.24,40.45,6641.9,19.57,0.14,13,14,43,38,25,133,1260,21,19,96.92,1.62,1.46
2007-01-01,MUNICIPIO,35006,ES705,ES705A1,ES705A10,35280,38.2,17715,17565,99.15,34859,421,1.19,5743,25052,4485,2573,1555,357,16.28,71.01,12.71,40.83,17.9,22.92,78.1,128.05,7.96,34.67,3283.87,1074.34,12.82,1127,1166,2257,1588,788,6926,33193,1168,919,94.08,3.31,2.6
2007-01-01,MUNICIPIO,35007,ES704,ES704A0,ES704A01,742,43.1,379,363,95.78,649,93,12.53,83,523,136,67,44,25,11.19,70.49,18.33,41.87,26,15.87,163.86,61.03,18.38,32.35,10370.9,7.15,0.9,5,14,34,34,12,99,628,21,93,84.64,2.83,12.53
2007-01-01,MUNICIPIO,35008,ES705,ES705A2,ES705A21,7369,39.4,3758,3611,96.09,7244,125,1.7,1125,5172,1072,649,324,99,15.27,70.19,14.55,42.48,20.73,21.75,95.29,104.94,9.24,30.22,1602.78,459.76,7.8,233,205,451,316,188,1393,6978,198,193,94.69,2.69,2.62
2007-01-01,MUNICIPIO,35009,ES705,ES705A2,ES705A22,23776,38.8,11959,11817,98.81,23479,297,1.25,3728,16683,3365,1905,1157,303,15.68,70.17,14.15,42.52,20.17,22.35,90.26,110.79,9,34.38,6254.51,380.14,4.75,730,674,1514,1123,575,4616,22916,396,464,96.38,1.67,1.95
2007-01-01,MUNICIPIO,35010,ES708,ES708A0,ES708A02,5049,41.2,2635,2414,91.61,4240,809,16.02,731,3512,806,470,246,90,14.48,69.56,15.96,43.76,22.95,20.81,110.26,90.69,11.17,30.52,14565.3,34.66,5.55,142,133,292,208,100,875,3708,466,875,73.44,9.23,17.33
2007-01-01,MUNICIPIO,35011,ES705,ES705A3,ES705A32,28132,36,14317,13815,96.49,27025,1107,3.94,4695,20758,2679,1611,848,220,16.69,73.79,9.52,35.52,12.91,22.62,57.06,175.25,8.21,31.65,3908.81,719.71,28.32,938,938,1868,1327,732,5803,25789,890,1453,91.67,3.16,5.16
2007-01-01,MUNICIPIO,35012,ES705,ES705A3,ES705A31,18547,37.4,9778,8769,89.68,11708,6839,36.87,3103,13519,1925,1294,520,111,16.73,72.89,10.38,37.19,14.24,22.95,62.04,161.19,5.77,27.01,17142,108.2,39.9,628,606,1207,876,395,3712,10207,1315,7025,55.03,7.09,37.88
2007-01-01,MUNICIPIO,35013,ES705,ES705A2,ES705A22,7974,41.9,4036,3938,97.57,7914,60,0.75,963,5587,1424,805,498,121,12.08,70.07,17.86,42.72,25.49,17.24,147.87,67.63,8.5,34.97,3220.46,247.6,1.86,219,133,370,314,168,1204,7657,166,151,96.02,2.08,1.89
2007-01-01,MUNICIPIO,35014,ES704,ES704A0,ES704A02,20084,34.4,10941,9143,83.57,12542,7542,37.55,3298,15633,1153,761,303,89,16.42,77.84,5.74,28.47,7.38,21.1,34.96,286.04,7.72,26.28,35533.4,56.52,21.23,718,730,1281,756,393,3878,7803,4429,7852,38.85,22.05,39.1
2007-01-01,MUNICIPIO,35015,ES704,ES704A0,ES704A03,19424,34.2,10765,8659,80.44,12294,7130,36.71,2694,15716,1014,761,201,52,13.87,80.91,5.22,23.59,6.45,17.14,37.64,265.68,5.13,19.82,38493.8,50.46,18.52,646,579,996,650,356,3227,7068,4927,7429,36.39,25.37,38.25
2007-01-01,MUNICIPIO,35016,ES705,ES705A1,ES705A10,377203,39.4,184059,193144,104.94,350459,26744,7.09,54800,270246,52157,29652,17592,4913,14.53,71.64,13.83,39.58,19.3,20.28,95.18,105.07,9.42,33.73,10331.6,3650.96,258.86,10203,11551,21877,15082,8190,66903,303854,36350,36999,80.55,9.64,9.81
2007-01-01,MUNICIPIO,35017,ES704,ES704A0,ES704A02,31808,33.7,16731,15077,90.11,26661,5147,16.18,5600,24395,1813,1018,600,195,17.61,76.69,5.7,30.39,7.43,22.96,32.38,308.88,10.76,33.09,29077.1,109.39,17.7,1034,1151,2355,1453,806,6799,18143,7637,6028,57.04,24.01,18.95
2007-01-01,MUNICIPIO,35018,ES708,ES708A0,ES708A01,18050,34.3,9323,8727,93.61,14782,3268,18.11,3375,13512,1163,740,318,105,18.7,74.86,6.44,33.58,8.61,24.98,34.46,290.2,9.03,27.34,4076.11,442.82,80.17,690,750,1284,862,399,3985,10138,4149,3763,56.17,22.99,20.85
2007-01-01,MUNICIPIO,35019,ES705,ES705A3,ES705A31,49601,37.5,25943,23658,91.19,36163,13438,27.09,7423,37538,4640,3164,1176,300,14.97,75.68,9.35,32.14,12.36,19.77,62.51,159.98,6.47,25.34,33241.9,149.21,40.42,1282,1505,3077,2156,1127,9147,29581,5089,14931,59.64,10.26,30.1
2007-01-01,MUNICIPIO,35020,ES705,ES705A2,ES705A23,8431,39.2,4301,4130,96.02,7707,724,8.59,1191,5943,1297,745,440,112,14.13,70.49,15.38,41.86,21.82,20.04,108.9,91.83,8.64,33.92,12370.8,68.15,5.85,202,206,528,365,213,1514,7551,135,745,89.56,1.6,8.84
2007-01-01,MUNICIPIO,35021,ES705,ES705A1,ES705A10,18919,38.7,9425,9494,100.73,18200,719,3.8,2891,13809,2219,1279,741,199,15.28,72.99,11.73,37,16.07,20.94,76.76,130.28,8.97,33.39,2383.19,793.85,30.17,462,522,1262,859,471,3576,16523,1317,1079,87.34,6.96,5.7
2007-01-01,MUNICIPIO,35022,ES705,ES705A3,ES705A32,58335,33.8,29642,28693,96.8,50434,7901,13.54,11510,42658,4167,2589,1261,317,19.73,73.13,7.14,36.75,9.77,26.98,36.2,276.22,7.61,30.26,6252.83,932.94,126.36,2415,2444,4441,2957,1578,13835,45315,3673,9347,77.68,6.3,16.02
2007-01-01,MUNICIPIO,35023,ES705,ES705A2,ES705A22,14081,40.2,7044,7037,99.9,13876,205,1.46,2020,9791,2270,1241,788,241,14.35,69.53,16.12,43.82,23.18,20.63,112.38,88.99,10.62,34.71,4261.82,330.4,4.81,311,374,834,674,359,2552,13459,301,321,95.58,2.14,2.28
2007-01-01,MUNICIPIO,35024,ES708,ES708A0,ES708A02,17688,36.4,9014,8674,96.23,13851,3837,21.69,2983,13103,1602,1005,466,131,16.86,74.08,9.06,34.99,12.23,22.77,53.7,186.2,8.18,29.09,22400.6,78.96,17.13,641,623,1139,767,372,3542,10789,2805,4094,61,15.86,23.15
2007-01-01,MUNICIPIO,35025,ES705,ES705A2,ES705A23,2239,46.1,1188,1051,88.47,2206,33,1.47,167,1580,492,286,144,62,7.46,70.57,21.97,41.71,31.14,10.57,294.61,33.94,12.6,29.27,10386.3,21.56,0.32,31,29,69,54,47,230,2145,46,48,95.8,2.05,2.14
2007-01-01,MUNICIPIO,35026,ES705,ES705A1,ES705A10,98399,36.2,49098,49301,100.41,95422,2977,3.03,17017,71652,9730,5954,2966,810,17.29,72.82,9.89,37.33,13.58,23.75,57.18,174.89,8.32,30.48,10033.1,980.74,29.67,3509,3510,6659,4516,2469,20663,88893,5045,4461,90.34,5.13,4.53
2007-01-01,MUNICIPIO,35027,ES705,ES705A2,ES705A21,12290,40.6,6240,6050,96.96,12116,174,1.42,1666,8675,1949,1169,630,150,13.56,70.59,15.86,41.67,22.47,19.2,116.99,85.48,7.7,32.32,2580.73,476.22,6.74,188,317,753,544,267,2069,11662,262,366,94.89,2.13,2.98
2007-01-01,MUNICIPIO,35028,ES708,ES708A0,ES708A01,18263,37.1,9499,8764,92.26,10558,7705,42.19,2781,13871,1611,1086,403,122,15.23,75.95,8.82,31.66,11.61,20.05,57.93,172.63,7.57,25.02,6432.05,283.94,119.79,556,573,1104,732,372,3337,7581,2799,7883,41.51,15.33,43.16
2007-01-01,MUNICIPIO,35029,ES708,ES708A0,ES708A03,5588,36.2,2954,2634,89.17,4776,812,14.53,936,4136,516,307,148,61,16.75,74.02,9.23,35.11,12.48,22.63,55.13,181.4,11.82,28.68,13577.9,41.16,5.98,205,192,361,232,116,1106,4199,510,879,75.14,9.13,15.73
2007-01-01,MUNICIPIO,35030,ES704,ES704A0,ES704A03,13124,34.3,6965,6159,88.43,10783,2341,17.84,2486,9610,1028,608,314,106,18.94,73.22,7.83,36.57,10.7,25.87,41.35,241.83,10.31,30.54,27629.8,47.5,8.47,542,484,980,631,337,2974,8451,2116,2557,64.39,16.12,19.48
2007-01-01,MUNICIPIO,35031,ES705,ES705A2,ES705A21,8853,36.5,4521,4332,95.82,8445,408,4.61,1579,6334,940,553,304,83,17.84,71.55,10.62,39.77,14.84,24.93,59.53,167.98,8.83,32.34,3880.13,228.16,10.52,329,330,597,441,250,1947,8065,280,508,91.1,3.16,5.74
2007-01-01,MUNICIPIO,35032,ES705,ES705A2,ES705A21,4019,43.2,2116,1903,89.93,3986,33,0.82,459,2789,771,432,268,71,11.42,69.4,19.18,44.1,27.64,16.46,167.97,59.53,9.21,34.76,2212.89,181.62,1.49,81,69,184,153,77,564,3852,75,92,95.84,1.87,2.29
2007-01-01,MUNICIPIO,35033,ES705,ES705A2,ES705A21,7611,40,3945,3666,92.93,7508,103,1.35,1138,5353,1120,625,378,117,14.95,70.33,14.72,42.18,20.92,21.26,98.42,101.61,10.45,33.75,3821.39,199.17,2.7,182,212,464,359,175,1392,7224,213,174,94.92,2.8,2.29
2007-01-01,MUNICIPIO,35034,ES708,ES708A0,ES708A03,10894,36.2,6060,4834,79.77,6716,4178,38.35,1334,8785,775,556,180,39,12.25,80.64,7.11,24.01,8.82,15.18,58.1,172.13,5.03,23.23,21209.4,51.36,19.7,224,279,549,359,179,1590,3385,3100,4409,31.07,28.46,40.47
2007-01-01,MUNICIPIO,38001,ES709,ES709A3,ES709A32,38245,36.2,19828,18417,92.88,20543,17702,46.29,5799,29512,2934,2004,743,187,15.16,77.17,7.67,29.59,9.94,19.65,50.59,197.65,6.37,25.32,10595.2,360.97,167.08,1008,1192,2436,1533,808,6977,13570,5548,19127,35.48,14.51,50.01
2007-01-01,MUNICIPIO,38002,ES706,ES706A0,ES706A01,1174,48.8,576,598,103.82,1128,46,3.92,112,712,350,184,129,37,9.54,60.65,29.81,64.89,49.16,15.73,312.5,32,10.57,36.86,2500.41,46.95,1.84,23,20,40,34,21,138,1077,17,80,91.74,1.45,6.81
2007-01-01,MUNICIPIO,38003,ES706,ES706A0,ES706A02,2142,41.2,1174,968,82.45,1824,318,14.85,269,1531,342,193,113,36,12.56,71.48,15.97,39.91,22.34,17.57,127.14,78.65,10.53,33.04,4960.68,43.18,6.41,45,57,118,63,34,317,1628,109,405,76,5.09,18.91
2007-01-01,MUNICIPIO,38004,ES709,ES709A3,ES709A33,5310,42,2568,2742,106.78,5166,144,2.71,700,3627,983,496,357,130,13.18,68.31,18.51,46.4,27.1,19.3,140.43,71.21,13.22,36.32,3436.18,154.53,4.19,83,173,299,198,123,876,4759,186,365,89.62,3.5,6.87
2007-01-01,MUNICIPIO,38005,ES709,ES709A3,ES709A31,7565,41.2,3884,3681,94.77,6223,1342,17.74,1036,5275,1254,730,384,140,13.69,69.73,16.58,43.41,23.77,19.64,121.04,82.62,11.16,30.62,17893.4,42.28,7.5,199,213,405,283,149,1249,5765,268,1532,76.21,3.54,20.25
2007-01-01,MUNICIPIO,38006,ES709,ES709A3,ES709A32,72328,36.8,37621,34707,92.25,43178,29150,40.3,10697,55205,6426,4400,1622,404,14.79,76.33,8.88,31.02,11.64,19.38,60.07,166.46,6.29,25.24,8159.85,886.39,357.24,2001,2182,4394,2837,1504,12918,29334,10822,32172,40.56,14.96,44.48
2007-01-01,MUNICIPIO,38007,ES707,ES707A0,ES707A02,2383,46,1218,1165,95.65,2310,73,3.06,239,1535,609,297,240,72,10.03,64.41,25.56,55.24,39.67,15.57,254.81,39.24,11.82,39.41,4349.52,54.79,1.68,42,39,96,76,46,299,2027,30,326,85.06,1.26,13.68
2007-01-01,MUNICIPIO,38008,ES707,ES707A0,ES707A01,7184,39,3539,3645,103,6632,552,7.68,1152,4960,1072,610,349,113,16.04,69.04,14.92,44.84,21.61,23.23,93.06,107.46,10.54,32.56,3089.34,232.54,17.87,210,257,454,310,169,1400,5806,380,998,80.82,5.29,13.89
2007-01-01,MUNICIPIO,38009,ES707,ES707A0,ES707A01,4708,39.3,2427,2281,93.98,4296,412,8.75,687,3358,663,383,207,73,14.59,71.33,14.08,40.2,19.74,20.46,96.51,103.62,11.01,31.22,1415.88,332.51,29.1,143,129,267,188,96,823,3498,484,726,74.3,10.28,15.42
2007-01-01,MUNICIPIO,38010,ES709,ES709A2,ES709A22,5188,42.7,2632,2556,97.11,4943,245,4.72,620,3586,982,528,354,100,11.95,69.12,18.93,44.67,27.38,17.29,158.39,63.14,10.18,36.05,6636.41,78.17,3.69,82,137,259,186,120,784,4521,95,572,87.14,1.83,11.03
2007-01-01,MUNICIPIO,38011,ES709,ES709A3,ES709A33,22477,37.9,11093,11384,102.62,20476,2001,8.9,3542,16339,2596,1638,780,178,15.76,72.69,11.55,37.57,15.89,21.68,73.29,136.44,6.86,30.05,4948.05,454.26,40.44,672,728,1377,997,482,4256,16276,2823,3378,72.41,12.56,15.03
2007-01-01,MUNICIPIO,38012,ES709,ES709A3,ES709A31,2708,44.9,1375,1333,96.95,2617,91,3.36,285,1820,603,325,217,61,10.52,67.21,22.27,48.79,33.13,15.66,211.58,47.26,10.12,35.99,4524.91,59.85,2.01,56,55,121,68,39,339,2432,73,203,89.81,2.7,7.5
2007-01-01,MUNICIPIO,38013,ES703,ES703A0,ES703A00,5644,43.1,2845,2799,98.38,4874,770,13.64,764,3721,1159,634,369,156,13.54,65.93,20.54,51.68,31.15,20.53,151.7,65.92,13.46,31.84,16428.9,34.35,4.69,124,142,321,231,97,915,3861,286,1497,68.41,5.07,26.52
2007-01-01,MUNICIPIO,38014,ES707,ES707A0,ES707A04,1964,43.6,997,967,96.99,1795,169,8.6,245,1291,428,195,172,61,12.47,65.73,21.79,52.13,33.15,18.98,174.69,57.24,14.25,40.19,5590.02,35.13,3.02,40,55,103,72,26,296,1630,64,270,82.99,3.26,13.75
2007-01-01,MUNICIPIO,38015,ES709,ES709A2,ES709A22,5446,43,2713,2733,100.74,5209,237,4.35,617,3792,1037,574,368,95,11.33,69.63,19.04,43.62,27.35,16.27,168.07,59.5,9.16,35.49,2743.2,198.53,8.64,105,126,246,196,103,776,4696,162,588,86.23,2.97,10.8
2007-01-01,MUNICIPIO,38016,ES707,ES707A0,ES707A03,1849,48.2,948,901,95.04,1588,261,14.12,182,1142,525,241,198,86,9.84,61.76,28.39,61.91,45.97,15.94,288.46,34.67,16.38,37.71,10258.4,18.02,2.54,30,30,69,73,33,235,1451,59,339,78.47,3.19,18.33
2007-01-01,MUNICIPIO,38017,ES709,ES709A3,ES709A31,36224,35.4,18692,17532,93.79,26845,9379,25.89,5971,27271,2982,1837,896,249,16.48,75.28,8.23,32.83,10.93,21.9,49.94,200.23,8.35,30.05,16250.4,222.91,57.72,1088,1323,2354,1621,874,7260,20531,4868,10825,56.68,13.44,29.88
2007-01-01,MUNICIPIO,38018,ES709,ES709A2,ES709A23,5379,41,2638,2741,103.9,5198,181,3.36,706,3771,902,511,316,75,13.13,70.11,16.77,42.64,23.92,18.72,127.76,78.27,8.31,35.03,2380.47,225.96,7.6,137,140,280,206,141,904,4922,59,398,91.5,1.1,7.4
2007-01-01,MUNICIPIO,38019,ES709,ES709A3,ES709A32,19261,37.5,9724,9537,98.08,15426,3835,19.91,3182,13835,2244,1403,652,189,16.52,71.83,11.65,39.22,16.22,23,70.52,141.8,8.42,29.06,14410.2,133.66,26.61,482,681,1327,928,493,3911,13565,996,4700,70.43,5.17,24.4
2007-01-01,MUNICIPIO,38020,ES709,ES709A3,ES709A33,16837,40.5,8274,8563,103.49,16156,681,4.04,2323,11757,2757,1514,964,279,13.8,69.83,16.37,43.21,23.45,19.76,118.68,84.26,10.12,34.97,10288.8,163.64,6.62,429,490,925,666,366,2876,14754,653,1430,87.63,3.88,8.49
2007-01-01,MUNICIPIO,38021,ES706,ES706A0,ES706A01,2170,45.7,1100,1070,97.27,2008,162,7.47,211,1465,494,226,196,72,9.72,67.51,22.76,48.12,33.72,14.4,234.12,42.71,14.57,39.68,3915.87,55.42,4.14,35,32,97,64,33,261,1912,55,203,88.11,2.53,9.35
2007-01-01,MUNICIPIO,38022,ES709,ES709A2,ES709A23,24091,39.9,11922,12169,102.07,22572,1519,6.31,3366,17183,3542,2073,1187,282,13.97,71.33,14.7,40.2,20.61,19.59,105.23,95.03,7.96,33.51,9585.8,251.32,15.85,545,649,1386,1071,634,4285,20594,480,3017,85.48,1.99,12.52
2007-01-01,MUNICIPIO,38023,ES709,ES709A1,ES709A10,144347,38.9,70981,73366,103.36,136664,7683,5.32,19070,107250,18027,10422,5945,1660,13.21,74.3,12.49,34.59,16.81,17.78,94.53,105.79,9.21,32.98,10245.2,1408.92,74.99,2752,3228,8438,6251,3403,24072,121637,8948,13762,84.27,6.2,9.53
2007-01-01,MUNICIPIO,38024,ES707,ES707A0,ES707A04,20170,40.2,9949,10221,102.73,17762,2408,11.94,2970,13949,3251,1761,1131,359,14.72,69.16,16.12,44.6,23.31,21.29,109.46,91.36,11.04,34.79,3560.43,566.5,67.63,461,560,1245,973,446,3685,15511,966,3693,76.9,4.79,18.31
2007-01-01,MUNICIPIO,38025,ES709,ES709A2,ES709A21,8117,38.8,4115,4002,97.25,7557,560,6.9,1202,5797,1118,688,352,78,14.81,71.42,13.77,40.02,19.29,20.73,93.01,107.51,6.98,31.48,1405.07,577.69,39.86,276,232,444,340,152,1444,7112,228,777,87.62,2.81,9.57
2007-01-01,MUNICIPIO,38026,ES709,ES709A2,ES709A24,40644,38.5,20114,20530,102.07,38733,1911,4.7,6537,28690,5417,3193,1727,497,16.08,70.59,13.33,41.67,18.88,22.78,82.87,120.68,9.17,31.88,20688.7,196.46,9.24,1093,1343,2672,1902,990,8000,35887,1445,3312,88.3,3.56,8.15
2007-01-01,MUNICIPIO,38027,ES707,ES707A0,ES707A04,7514,41.8,3820,3694,96.7,6440,1074,14.29,1077,5073,1364,712,462,190,14.33,67.51,18.15,48.12,26.89,21.23,126.65,78.96,13.93,33.87,13594,55.27,7.9,159,229,444,317,166,1315,5840,203,1471,77.72,2.7,19.58
2007-01-01,MUNICIPIO,38028,ES709,ES709A2,ES709A24,31131,43.5,15134,15997,105.7,25279,5852,18.8,3270,21750,6111,3633,1909,569,10.5,69.87,19.63,43.13,28.1,15.03,186.88,53.51,9.31,31.24,882.59,3527.23,663.05,421,678,1371,1062,587,4119,20401,3568,7162,65.53,11.46,23.01
2007-01-01,MUNICIPIO,38029,ES707,ES707A0,ES707A03,1974,43,1000,974,97.4,1720,254,12.87,239,1364,371,182,136,53,12.11,69.1,18.79,44.72,27.2,17.52,155.23,64.42,14.29,36.66,3080.58,64.08,8.25,35,44,100,76,40,295,1360,54,560,68.9,2.74,28.37
2007-01-01,MUNICIPIO,38030,ES707,ES707A0,ES707A02,2407,43.8,1202,1205,100.25,2210,197,8.18,309,1591,507,270,176,61,12.84,66.1,21.06,51.29,31.87,19.42,164.08,60.95,12.03,34.71,3505.04,68.67,5.62,61,64,134,68,47,374,2003,73,331,83.22,3.03,13.75
2007-01-01,MUNICIPIO,38031,ES709,ES709A2,ES709A24,37224,38.7,18466,18758,101.58,34348,2876,7.73,5831,26335,5058,3011,1642,405,15.66,70.75,13.59,41.35,19.21,22.14,86.74,115.28,8.01,32.46,5646.81,659.2,50.93,906,1240,2383,1711,911,7151,31427,1190,4607,84.43,3.2,12.38
2007-01-01,MUNICIPIO,38032,ES709,ES709A1,ES709A10,16721,37.2,8726,7995,91.62,15755,966,5.78,2770,12365,1586,950,467,169,16.57,73.95,9.49,35.23,12.83,22.4,57.26,174.65,10.66,29.45,3931.15,425.35,24.57,534,575,1129,707,364,3309,12807,2045,1869,76.59,12.23,11.18
2007-01-01,MUNICIPIO,38033,ES707,ES707A0,ES707A02,4975,45.1,2522,2453,97.26,4847,128,2.57,497,3362,1116,578,389,149,9.99,67.58,22.43,47.98,33.19,14.78,224.55,44.53,13.35,34.86,4287.29,116.04,2.99,87,94,203,144,95,623,4365,168,442,87.74,3.38,8.88
2007-01-01,MUNICIPIO,38034,ES709,ES709A2,ES709A23,5061,40.1,2503,2558,102.2,4908,153,3.02,667,3634,760,411,277,72,13.18,71.8,15.02,39.27,20.91,18.35,113.94,87.76,9.47,36.45,2060.52,245.62,7.43,110,123,271,228,110,842,4566,87,408,90.22,1.72,8.06
2007-01-01,MUNICIPIO,38035,ES709,ES709A3,ES709A31,13814,36.7,7046,6768,96.05,9006,4808,34.81,2375,10179,1260,824,338,98,17.19,73.69,9.12,35.71,12.38,23.33,53.05,188.49,7.78,26.83,4203.66,328.62,114.38,357,500,1019,633,319,2828,7303,1137,5374,52.87,8.23,38.9
2007-01-01,MUNICIPIO,38036,ES706,ES706A0,ES706A02,8515,38.9,4316,4199,97.29,7589,926,10.87,1252,6163,1100,633,348,119,14.7,72.38,12.92,38.16,17.85,20.31,87.86,113.82,10.82,31.64,11313.4,75.26,8.18,216,255,521,370,200,1562,6722,583,1210,78.94,6.85,14.21
2007-01-01,MUNICIPIO,38037,ES707,ES707A0,ES707A01,17353,40.8,8492,8861,104.35,16390,963,5.55,2415,12070,2868,1504,1018,346,13.92,69.56,16.53,43.77,23.76,20.01,118.76,84.21,12.06,35.5,4341.21,399.73,22.18,398,435,994,771,357,2955,14278,1279,1796,82.28,7.37,10.35
2007-01-01,MUNICIPIO,38038,ES709,ES709A1,ES709A10,220902,40.1,106445,114457,107.53,208252,12650,5.73,29250,159405,32247,17687,11012,3548,13.24,72.16,14.6,38.58,20.23,18.35,110.25,90.71,11,34.15,15044,1468.37,84.09,4702,5670,11831,9329,5382,36914,175826,22550,22526,79.59,10.21,10.2
2007-01-01,MUNICIPIO,38039,ES709,ES709A2,ES709A21,13393,38,6711,6682,99.57,11712,1681,12.55,2109,9719,1565,952,502,111,15.75,72.57,11.69,37.8,16.1,21.7,74.21,134.76,7.09,32.08,2237.31,598.62,75.13,365,430,881,568,303,2547,10335,737,2321,77.17,5.5,17.33
2007-01-01,MUNICIPIO,38040,ES709,ES709A3,ES709A32,11493,45.8,5788,5705,98.57,5768,5725,49.81,1279,7450,2764,1694,801,269,11.13,64.82,24.05,54.27,37.1,17.17,216.11,46.27,9.73,28.98,5198.76,221.07,110.12,194,274,534,358,190,1550,4987,476,6030,43.39,4.14,52.47
2007-01-01,MUNICIPIO,38041,ES709,ES709A2,ES709A21,8826,38.9,4395,4431,100.82,8029,797,9.03,1383,6254,1189,671,408,110,15.67,70.86,13.47,41.13,19.01,22.11,85.97,116.32,9.25,34.31,1820.11,484.92,43.79,235,275,568,403,203,1684,7381,416,1029,83.63,4.71,11.66
2007-01-01,MUNICIPIO,38042,ES709,ES709A2,ES709A22,5313,44.7,2671,2642,98.91,4683,630,11.86,604,3458,1251,719,386,146,11.37,65.09,23.55,53.64,36.18,17.47,207.12,48.28,11.67,30.86,2449.68,216.89,25.72,100,119,256,170,120,765,4376,104,833,82.36,1.96,15.68
2007-01-01,MUNICIPIO,38043,ES709,ES709A2,ES709A21,22943,38.2,11487,11456,99.73,22135,808,3.52,3617,16454,2872,1707,927,238,15.77,71.72,12.52,39.44,17.45,21.98,79.4,125.94,8.29,32.28,2999.64,764.86,26.94,724,773,1396,1009,483,4385,20555,946,1442,89.59,4.12,6.29
2007-01-01,MUNICIPIO,38044,ES709,ES709A2,ES709A22,3045,41.6,1508,1537,101.92,2914,131,4.3,411,2078,556,330,176,50,13.5,68.24,18.26,46.54,26.76,19.78,135.28,73.92,8.99,31.65,2606.48,116.82,5.03,85,83,150,128,87,533,2614,41,390,85.85,1.35,12.81
2007-01-01,MUNICIPIO,38045,ES707,ES707A0,ES707A04,5828,43.1,2934,2894,98.64,5394,434,7.45,734,3931,1163,593,396,174,12.59,67.45,19.96,48.26,29.59,18.67,158.45,63.11,14.96,34.05,1156.38,503.99,37.53,128,153,299,203,121,904,4826,213,789,82.81,3.65,13.54
2007-01-01,MUNICIPIO,38046,ES709,ES709A1,ES709A10,10461,38.6,5199,5262,101.21,10264,197,1.88,1576,7588,1297,768,422,107,15.07,72.54,12.4,37.86,17.09,20.77,82.3,121.51,8.25,32.54,2644.48,395.58,7.45,242,306,689,466,259,1962,9431,452,578,90.15,4.32,5.53
2007-01-01,MUNICIPIO,38047,ES707,ES707A0,ES707A03,2744,43.8,1396,1348,96.56,2259,485,17.67,361,1813,570,310,189,71,13.16,66.07,20.77,51.35,31.44,19.91,157.89,63.33,12.46,33.16,5354.89,51.24,9.06,50,70,152,115,50,437,2079,79,586,75.77,2.88,21.36
2007-01-01,MUNICIPIO,38048,ES703,ES703A0,ES703A00,4914,42.3,2484,2430,97.83,4507,407,8.28,666,3311,937,479,320,138,13.55,67.38,19.07,48.41,28.3,20.11,140.69,71.08,14.73,34.15,10368.5,47.39,3.93,123,124,272,208,95,822,3750,340,824,76.31,6.92,16.77
2007-01-01,MUNICIPIO,38049,ES706,ES706A0,ES706A02,5116,42.2,2597,2519,97,3451,1665,32.54,620,3669,827,485,245,97,12.12,71.72,16.16,39.44,22.54,16.9,133.39,74.97,11.73,29.63,3220.82,158.84,51.69,130,118,243,162,84,737,3038,159,1919,59.38,3.11,37.51
2007-01-01,MUNICIPIO,38050,ES706,ES706A0,ES706A01,3142,48.8,1589,1553,97.73,2935,207,6.59,290,1903,949,471,346,132,9.23,60.57,30.2,65.11,49.87,15.24,327.24,30.56,13.91,36.46,10854.2,28.95,1.91,41,43,130,100,43,357,2769,59,314,88.13,1.88,9.99
2007-01-01,MUNICIPIO,38051,ES709,ES709A2,ES709A21,8676,39.2,4322,4354,100.74,8327,349,4.02,1257,6178,1241,727,432,82,14.49,71.21,14.3,40.43,20.09,20.35,98.73,101.29,6.61,34.81,1808.63,479.7,19.3,242,247,490,373,198,1550,7931,145,600,91.41,1.67,6.92
2007-01-01,MUNICIPIO,38052,ES709,ES709A3,ES709A31,1900,41.4,966,934,96.69,1684,216,11.37,278,1284,338,177,118,43,14.63,67.58,17.79,47.98,26.32,21.65,121.58,82.25,12.72,34.91,5627.11,33.77,3.84,48,49,123,77,45,342,1558,64,278,82,3.37,14.63
2007-01-01,MUNICIPIO,38053,ES707,ES707A0,ES707A01,4880,43.1,2478,2402,96.93,4454,426,8.73,653,3226,1001,498,342,161,13.38,66.11,20.51,51.27,31.03,20.24,153.29,65.23,16.08,34.17,7067.2,69.05,6.03,91,124,258,230,116,819,3916,168,796,80.25,3.44,16.31
